index,price
0,114.86
1,142.38
2,52.14
3,60.17
4,182.58
5,114.96
6,69.18
7,123.48
8,123.46
9,115.53
10,141.67
11,58.59
12,60.02
13,182.65
14,116.22
15,72.48
16,131.66
17,132.65
18,163.9
19,113.57
20,163.84
21,188.75
22,163.18
23,119.48
24,88.97
25,116.89
26,86.71
27,286.86
28,167.98
29,114.43
30,163.98
31,188.87
32,163.43
33,120.83
34,100.0
35,116.96
36,88.72
37,86.97
38,333.06
39,300.54
40,349.67
41,141.31
42,223.88
43,89.29
44,196.29
45,92.75
46,382.01
47,199.44
48,382.43
49,132.68
50,75.58
51,62.71
52,134.92
53,156.96
54,102.76
55,127.39
56,122.38
57,153.58
58,165.94
59,135.85
60,242.14
61,86.08
62,66.5
63,154.38
64,202.68
65,73.81
66,157.33
67,112.55
68,128.04
69,123.15
70,155.85
71,173.78
72,134.77
73,243.76
74,84.89
75,67.12
76,162.27
77,206.61
78,74.67
79,163.84
80,194.53
81,183.97
82,285.43
83,67.58
84,152.57
85,151.62
86,210.73
87,238.78
88,116.98
89,194.67
90,77.17
91,102.44
92,129.7
93,120.89
94,155.44
95,181.38
96,133.13
97,243.76
98,92.31
99,67.78
100,172.31
101,218.14
102,75.25
103,163.46
104,102.72
105,139.85
106,127.58
107,155.86
108,182.25
109,134.6
110,243.76
111,92.23
112,67.81
113,159.15
114,258.82
115,77.3
116,170.3
117,195.85
118,179.79
119,369.1
120,64.65
121,150.09
122,151.09
123,209.37
124,256.77
125,113.19
126,216.69
127,75.56
128,167.93
129,164.9
130,117.98
131,126.2
132,217.76
133,301.64
134,120.46
135,126.13
136,216.91
137,308.48
138,140.66
139,76.48
140,64.09
141,144.33
142,76.73
143,73.24
144,121.08
145,156.17
146,88.76
147,102.18
148,82.98
149,111.86
150,119.13
151,156.6
152,112.77
153,145.85
154,182.58
155,134.68
156,131.06
157,88.75
158,118.24
159,189.94
160,161.83
161,277.72
162,272.06
163,174.66
164,171.3
165,174.29
166,131.16
167,120.82
168,81.94
169,115.17
170,202.95
171,172.35
172,292.13
173,273.41
174,177.36
175,172.83
176,265.84
177,276.11
178,304.26
179,133.3
180,229.17
181,81.9
182,191.84
183,87.46
184,274.51
185,184.34
186,331.69
187,287.88
188,265.02
189,303.66
190,135.97
191,218.62
192,83.02
193,191.71
194,87.12
195,332.68
196,184.4
197,368.33
198,289.59
199,267.67
200,330.49
201,135.92
202,215.99
203,83.02
204,191.62
205,87.16
206,363.51
207,184.4
208,373.65
209,272.57
210,284.69
211,311.38
212,145.02
213,229.5
214,89.86
215,202.07
216,92.18
217,328.29
218,198.76
219,367.17
220,310.58
221,84.3
222,243.86
223,425.81
224,360.8
225,407.76
226,141.38
227,149.54
228,426.72
229,376.95
230,243.91
231,86.18
232,84.04
233,119.19
234,83.44
235,171.92
236,86.22
237,83.06
238,91.11
239,99.46
240,206.74
241,84.09
242,119.61
243,88.54
244,169.5
245,94.43
246,88.39
247,98.26
248,99.46
249,203.01
250,103.0
251,301.32
252,115.22
253,221.75
254,115.16
255,142.24
256,58.56
257,60.22
258,183.38
259,116.38
260,70.55
261,123.84
262,131.8
263,115.77
264,141.96
265,58.8
266,60.17
267,183.38
268,116.36
269,72.48
270,131.68
271,132.91
272,112.22
273,139.52
274,67.11
275,58.45
276,188.71
277,112.25
278,73.84
279,135.52
280,135.52
281,58.18
282,217.44
283,112.7
284,193.54
285,148.29
286,175.93
287,134.59
288,125.87
289,195.65
290,297.03
291,79.35
292,213.5
293,144.75
294,175.93
295,133.34
296,125.51
297,199.86
298,303.43
299,79.31
300,372.43
301,398.07
302,213.34
303,387.62
304,135.94
305,306.38
306,248.14
307,165.21
308,81.81
309,93.46
310,67.7
311,51.51
312,88.97
313,97.0
314,96.08
315,68.25
316,51.32
317,88.58
318,96.99
319,103.62
320,68.72
321,49.02
322,87.94
323,103.98
324,280.6
325,165.51
326,113.07
327,159.0
328,189.24
329,155.66
330,123.16
331,95.03
332,120.56
333,86.85
334,85.54
335,86.17
336,121.71
337,86.27
338,171.58
339,91.25
340,86.85
341,97.34
342,98.84
343,198.07
344,111.97
345,157.13
346,66.72
347,57.27
348,190.38
349,111.0
350,72.03
351,130.35
352,130.35
353,95.8
354,75.82
355,129.76
356,46.25
357,116.32
358,143.78
359,53.49
360,60.86
361,183.99
362,115.28
363,68.94
364,124.67
365,122.51
366,102.47
367,300.52
368,116.15
369,223.11
370,88.37
371,87.88
372,120.82
373,64.19
374,65.73
375,87.06
376,92.15
377,93.16
378,68.1
379,66.6
380,196.22
381,182.55
382,366.73
383,67.39
384,152.48
385,152.33
386,210.73
387,252.55
388,117.3
389,215.86
390,77.16
391,115.65
392,150.57
393,80.16
394,102.18
395,81.9
396,114.06
397,118.4
398,153.68
399,110.57
400,138.14
401,141.76
402,428.84
403,145.77
404,194.67
405,95.29
406,308.7
407,428.84
408,250.69
409,206.3
410,431.82
411,445.93
412,227.24
413,445.45
414,427.0
415,183.08
416,140.86
417,165.14
418,109.67
419,121.91
420,163.44
421,233.09
422,75.82
423,272.45
424,278.39
425,282.46
426,133.06
427,194.54
428,83.37
429,190.13
430,89.24
431,274.63
432,179.48
433,296.19
434,88.02
435,89.14
436,120.28
437,62.32
438,86.6
439,88.22
440,86.68
441,64.92
442,196.55
443,183.47
444,366.94
445,66.0
446,152.19
447,152.3
448,210.73
449,256.04
450,116.49
451,215.72
452,77.28
453,85.18
454,49.57
455,201.93
456,188.86
457,379.67
458,67.29
459,157.75
460,157.67
461,215.82
462,265.53
463,118.96
464,219.26
465,78.28
466,81.09
467,46.29
468,46.44
469,93.74
470,72.74
471,114.05
472,46.0
473,87.8
474,87.29
475,117.11
476,62.52
477,63.85
478,84.9
479,88.6
480,91.68
481,66.92
482,63.74
483,293.94
484,269.28
485,309.18
486,139.47
487,218.04
488,85.87
489,188.14
490,88.0
491,338.02
492,189.21
493,369.72
494,175.22
495,133.56
496,122.31
497,82.32
498,121.16
499,202.13
500,165.0
501,293.29
502,273.22
503,177.77
504,166.41
505,158.31
506,155.29
507,100.98
508,64.13
509,46.29
510,85.53
511,99.45
512,186.34
513,144.34
514,156.93
515,128.81
516,121.7
517,177.23
518,260.5
519,74.34
520,310.62
521,83.82
522,248.53
523,429.06
524,364.26
525,411.22
526,142.45
527,149.25
528,426.16
529,379.64
530,248.36
531,87.63
532,112.11
533,132.1
534,223.04
535,109.0
536,197.26
537,167.43
538,83.0
539,189.46
540,293.68
541,273.63
542,335.73
543,144.42
544,220.53
545,88.84
546,193.49
547,89.46
548,366.75
549,198.14
550,376.82
551,193.34
552,183.49
553,299.71
554,67.21
555,149.47
556,150.78
557,210.69
558,235.11
559,115.54
560,205.43
561,75.0
562,106.11
563,115.03
564,55.49
565,143.3
566,123.99
567,55.47
568,57.14
569,90.76
570,88.42
571,123.27
572,64.32
573,66.53
574,87.33
575,90.59
576,94.72
577,64.6
578,65.89
579,102.48
580,300.28
581,116.15
582,223.15
583,109.27
584,127.16
585,211.76
586,122.64
587,230.54
588,160.23
589,77.9
590,217.02
591,95.8
592,75.82
593,129.57
594,46.05
595,87.8
596,49.42
597,49.91
598,99.23
599,81.66
600,120.15
601,49.39
602,121.05
603,129.25
604,220.93
605,310.58
606,304.71
607,82.5
608,243.88
609,377.5
610,361.96
611,406.39
612,145.19
613,150.37
614,433.88
615,366.31
616,243.62
617,87.09
618,109.83
619,126.52
620,206.17
621,109.79
622,198.36
623,163.19
624,80.25
625,184.51
626,93.55
627,66.53
628,46.91
629,86.12
630,91.95
631,101.0
632,64.13
633,46.4
634,85.46
635,99.37
636,196.35
637,181.29
638,366.47
639,65.33
640,151.93
641,152.27
642,210.73
643,252.36
644,116.39
645,216.38
646,77.17
647,96.0
648,309.81
649,108.75
650,237.89
651,294.61
652,272.3
653,318.99
654,146.55
655,225.15
656,91.7
657,202.93
658,92.87
659,337.93
660,198.05
661,378.83
662,163.12
663,112.5
664,168.87
665,197.72
666,165.78
667,121.16
668,87.55
669,119.05
670,87.32
671,114.13
672,146.23
673,83.81
674,98.42
675,80.71
676,109.31
677,114.37
678,150.23
679,107.26
680,141.46
681,100.64
682,78.7
683,127.99
684,49.04
685,476.84
686,411.7
687,468.8
688,422.56
689,411.7
690,412.91
691,221.21
692,351.9
693,444.49
694,393.08
695,196.3
696,185.49
697,372.28
698,67.06
699,155.55
700,153.13
701,211.85
702,255.63
703,116.93
704,217.78
705,76.3
706,110.33
707,130.72
708,220.43
709,107.55
710,197.36
711,163.35
712,80.41
713,186.46
714,326.37
715,84.79
716,255.0
717,392.01
718,376.53
719,424.98
720,146.81
721,151.37
722,430.42
723,384.79
724,254.58
725,89.59
726,169.98
727,163.9
728,116.28
729,148.14
730,83.02
731,96.92
732,80.27
733,108.46
734,113.99
735,149.53
736,107.98
737,138.96
738,102.88
739,129.98
740,127.83
741,155.71
742,182.75
743,136.06
744,244.87
745,93.49
746,67.16
747,172.51
748,227.9
749,76.35
750,165.0
751,492.6
752,410.69
753,494.74
754,465.66
755,410.69
756,411.43
757,230.77
758,370.74
759,454.54
760,387.33
761,135.7
762,164.05
763,351.65
764,387.94
765,270.44
766,375.0
767,136.57
768,301.23
769,254.29
770,164.92
771,75.2
772,361.52
773,375.26
774,265.98
775,369.86
776,138.36
777,262.86
778,256.03
779,162.69
780,73.0
781,344.45
782,375.26
783,265.93
784,357.66
785,138.36
786,291.59
787,256.03
788,162.69
789,73.0
790,142.78
791,76.5
792,68.79
793,78.2
794,123.57
795,82.41
796,156.12
797,86.36
798,82.49
799,89.19
800,84.65
801,184.44
802,93.74
803,72.74
804,114.12
805,46.0
806,190.88
807,148.51
808,177.5
809,165.34
810,374.87
811,389.46
812,275.86
813,382.46
814,140.95
815,362.67
816,261.82
817,166.58
818,76.1
819,186.8
820,144.56
821,157.16
822,111.63
823,122.58
824,161.13
825,233.79
826,74.7
827,194.32
828,182.72
829,358.67
830,64.12
831,150.25
832,152.76
833,211.45
834,251.39
835,112.18
836,214.24
837,75.51
838,145.6
839,138.19
840,106.98
841,167.74
842,110.18
843,174.74
844,142.84
845,133.72
846,58.77
847,217.25
848,114.69
849,310.58
850,84.3
851,244.07
852,426.63
853,411.0
854,440.14
855,141.41
856,148.96
857,426.22
858,439.01
859,244.1
860,86.18
861,136.58
862,414.86
863,140.98
864,188.42
865,91.04
866,297.72
867,414.86
868,240.58
869,205.98
870,416.14
871,430.48
872,225.74
873,431.46
874,410.27
875,213.94
876,146.92
877,171.79
878,135.1
879,126.55
880,199.45
881,315.33
882,79.38
883,291.12
884,270.28
885,308.54
886,139.06
887,218.26
888,84.73
889,187.6
890,87.0
891,337.88
892,188.05
893,367.92
894,141.49
895,143.16
896,108.83
897,174.06
898,105.2
899,172.03
900,141.65
901,136.45
902,463.88
903,417.85
904,469.42
905,426.32
906,417.85
907,353.73
908,227.77
909,363.6
910,450.77
911,397.83
912,137.08
913,418.68
914,142.27
915,188.78
916,89.19
917,299.16
918,418.68
919,238.84
920,205.83
921,381.73
922,408.02
923,222.04
924,425.16
925,412.5
926,463.89
927,416.22
928,469.42
929,426.75
930,416.22
931,353.59
932,227.7
933,363.6
934,450.85
935,397.83
936,328.35
937,86.08
938,258.54
939,444.3
940,369.67
941,430.0
942,146.05
943,150.31
944,431.02
945,390.45
946,258.33
947,90.9
948,291.9
949,169.99
950,113.35
951,158.66
952,197.03
953,154.45
954,122.34
955,92.84
956,121.03
957,89.44
958,88.54
959,139.83
960,75.51
961,68.13
962,187.58
963,144.64
964,172.89
965,131.04
966,72.62
967,123.68
968,90.82
969,132.34
970,71.49
971,71.78
972,71.87
973,118.64
974,121.66
975,215.45
976,295.22
977,93.81
978,66.76
979,50.34
980,86.34
981,89.15
982,492.62
983,415.25
984,488.29
985,441.63
986,415.25
987,367.75
988,225.31
989,369.66
990,454.98
991,404.52
992,177.37
993,133.37
994,123.36
995,83.16
996,123.14
997,202.32
998,167.05
999,293.49
1000,272.42
1001,181.86
1002,168.25
1003,499.25
1004,416.67
1005,516.79
1006,443.95
1007,416.67
1008,410.95
1009,227.78
1010,378.24
1011,456.7
1012,403.68
1013,160.77
1014,157.42
1015,141.12
1016,75.4
1017,69.7
1018,180.03
1019,139.2
1020,161.12
1021,108.41
1022,121.64
1023,162.03
1024,231.35
1025,75.87
1026,117.98
1027,126.2
1028,217.31
1029,301.64
1030,137.34
1031,96.26
1032,79.36
1033,103.85
1034,110.34
1035,141.95
1036,103.37
1037,135.55
1038,474.75
1039,409.18
1040,461.68
1041,422.27
1042,409.18
1043,348.41
1044,224.09
1045,362.25
1046,450.18
1047,397.94
1048,476.71
1049,413.55
1050,468.89
1051,446.99
1052,413.55
1053,397.87
1054,226.56
1055,351.9
1056,444.49
1057,385.53
1058,196.57
1059,181.27
1060,358.86
1061,65.07
1062,149.61
1063,151.94
1064,212.83
1065,249.54
1066,113.82
1067,218.79
1068,73.55
1069,497.2
1070,414.16
1071,517.3
1072,441.91
1073,414.16
1074,403.91
1075,223.48
1076,377.67
1077,457.11
1078,403.45
1079,189.8
1080,147.05
1081,176.91
1082,131.84
1083,268.54
1084,278.18
1085,279.35
1086,132.3
1087,192.63
1088,82.67
1089,189.83
1090,88.6
1091,272.51
1092,177.97
1093,292.24
1094,329.38
1095,87.78
1096,261.21
1097,456.35
1098,378.55
1099,429.63
1100,149.99
1101,156.07
1102,440.62
1103,399.61
1104,260.97
1105,93.88
1106,200.02
1107,190.46
1108,379.67
1109,68.93
1110,158.74
1111,157.0
1112,215.82
1113,260.54
1114,118.99
1115,219.79
1116,78.28
1117,195.95
1118,180.61
1119,358.85
1120,63.74
1121,150.23
1122,153.23
1123,211.45
1124,257.16
1125,112.26
1126,213.33
1127,75.49
1128,113.16
1129,143.38
1130,77.96
1131,96.9
1132,79.27
1133,108.63
1134,113.77
1135,148.03
1136,106.44
1137,137.6
1138,119.26
1139,145.12
1140,61.0
1141,61.9
1142,187.87
1143,119.6
1144,76.99
1145,134.01
1146,134.07
1147,201.93
1148,188.24
1149,379.67
1150,68.93
1151,158.74
1152,157.67
1153,215.82
1154,262.33
1155,118.99
1156,219.41
1157,78.28
1158,95.5
1159,67.89
1160,51.08
1161,87.55
1162,96.76
1163,60.42
1164,223.45
1165,122.98
1166,58.72
1167,220.75
1168,116.01
1169,194.63
1170,182.74
1171,303.19
1172,66.89
1173,154.3
1174,150.4
1175,210.27
1176,240.12
1177,114.45
1178,203.4
1179,76.23
1180,117.09
1181,150.13
1182,83.04
1183,97.6
1184,80.33
1185,106.65
1186,120.75
1187,153.87
1188,107.89
1189,140.82
1190,470.79
1191,409.18
1192,459.04
1193,446.36
1194,409.18
1195,398.91
1196,225.88
1197,355.59
1198,449.52
1199,397.94
1200,138.75
1201,143.96
1202,112.4
1203,178.23
1204,108.23
1205,177.77
1206,149.15
1207,140.8
1208,105.32
1209,126.13
1210,208.7
1211,111.62
1212,195.84
1213,171.09
1214,80.51
1215,179.93
1216,96.21
1217,63.02
1218,46.0
1219,84.09
1220,97.02
1221,55.96
1222,217.06
1223,114.16
1224,100.61
1225,129.9
1226,119.12
1227,153.93
1228,181.02
1229,132.47
1230,244.53
1231,91.65
1232,64.07
1233,170.83
1234,217.43
1235,74.68
1236,160.57
1237,259.55
1238,276.56
1239,273.22
1240,130.14
1241,187.79
1242,81.9
1243,186.09
1244,87.47
1245,272.46
1246,176.3
1247,289.35
1248,355.0
1249,392.39
1250,276.29
1251,379.13
1252,144.74
1253,304.48
1254,269.22
1255,167.76
1256,77.75
1257,115.89
1258,153.62
1259,87.77
1260,102.96
1261,82.96
1262,114.08
1263,118.83
1264,155.04
1265,111.61
1266,146.85
1267,136.51
1268,414.35
1269,141.57
1270,178.52
1271,92.36
1272,305.22
1273,414.43
1274,239.74
1275,211.39
1276,382.61
1277,381.69
1278,225.92
1279,413.45
1280,413.75
1281,101.83
1282,301.16
1283,111.17
1284,222.76
1285,421.8
1286,407.27
1287,392.63
1288,422.82
1289,416.61
1290,361.64
1291,227.44
1292,349.98
1293,451.91
1294,395.96
1295,116.64
1296,149.05
1297,81.78
1298,96.8
1299,80.15
1300,105.59
1301,118.55
1302,150.33
1303,105.73
1304,138.52
1305,102.29
1306,363.27
1307,113.15
1308,239.91
1309,58.27
1310,217.54
1311,113.55
1312,104.86
1313,114.64
1314,60.77
1315,55.25
1316,142.45
1317,124.02
1318,186.62
1319,62.2
1320,106.38
1321,64.15
1322,197.25
1323,150.45
1324,183.78
1325,134.25
1326,93.74
1327,72.38
1328,121.11
1329,46.0
1330,117.11
1331,145.63
1332,60.51
1333,61.37
1334,187.39
1335,115.62
1336,73.97
1337,125.6
1338,131.35
1339,101.49
1340,78.82
1341,121.7
1342,49.13
1343,272.79
1344,284.0
1345,317.71
1346,142.57
1347,234.1
1348,85.12
1349,202.37
1350,92.87
1351,281.7
1352,197.71
1353,339.35
1354,185.91
1355,141.43
1356,159.17
1357,119.85
1358,121.76
1359,162.46
1360,259.86
1361,71.24
1362,79.27
1363,122.15
1364,83.15
1365,163.62
1366,85.98
1367,83.51
1368,92.74
1369,96.28
1370,198.25
1371,296.64
1372,170.92
1373,113.16
1374,159.38
1375,197.43
1376,157.74
1377,123.45
1378,86.91
1379,121.63
1380,89.37
1381,88.59
1382,134.18
1383,96.26
1384,77.19
1385,99.07
1386,105.57
1387,135.99
1388,100.22
1389,133.38
1390,134.8
1391,130.94
1392,101.05
1393,158.95
1394,96.53
1395,158.54
1396,133.21
1397,125.31
1398,88.3
1399,90.47
1400,117.81
1401,61.85
1402,85.7
1403,88.83
1404,88.89
1405,63.78
1406,288.7
1407,166.15
1408,111.73
1409,151.75
1410,191.37
1411,149.18
1412,121.43
1413,84.23
1414,119.65
1415,87.94
1416,87.36
1417,102.13
1418,370.94
1419,110.8
1420,252.02
1421,210.54
1422,142.68
1423,161.32
1424,131.05
1425,122.51
1426,195.59
1427,305.21
1428,76.26
1429,201.9
1430,184.26
1431,379.65
1432,66.21
1433,156.55
1434,154.64
1435,212.75
1436,264.22
1437,118.3
1438,217.92
1439,78.48
1440,294.33
1441,270.87
1442,329.02
1443,139.2
1444,215.7
1445,86.2
1446,188.15
1447,87.5
1448,359.2
1449,188.83
1450,372.55
1451,118.23
1452,122.97
1453,215.15
1454,302.0
1455,361.99
1456,375.26
1457,265.98
1458,370.59
1459,138.27
1460,376.02
1461,257.85
1462,162.69
1463,73.0
1464,191.54
1465,180.77
1466,283.62
1467,63.08
1468,146.96
1469,151.04
1470,212.39
1471,234.22
1472,111.89
1473,188.9
1474,71.63
1475,109.23
1476,127.18
1477,211.87
1478,122.57
1479,230.55
1480,159.82
1481,77.21
1482,217.33
1483,193.75
1484,182.29
1485,300.98
1486,64.07
1487,150.25
1488,152.58
1489,210.15
1490,240.58
1491,112.26
1492,198.74
1493,75.51
1494,128.0
1495,396.48
1496,140.37
1497,180.45
1498,86.2
1499,289.44
1500,396.48
1501,230.13
1502,206.88
1503,402.6
1504,416.16
1505,226.04
1506,417.27
1507,394.0
1508,58.7
1509,220.14
1510,116.18
1511,318.14
1512,84.47
1513,252.43
1514,434.09
1515,413.92
1516,453.04
1517,143.09
1518,150.05
1519,425.73
1520,439.32
1521,252.23
1522,88.5
1523,154.67
1524,110.29
1525,158.95
1526,191.38
1527,156.58
1528,117.03
1529,84.23
1530,114.07
1531,85.96
1532,370.33
1533,387.89
1534,270.54
1535,377.01
1536,140.71
1537,352.65
1538,260.63
1539,163.91
1540,74.35
1541,363.31
1542,401.87
1543,286.8
1544,394.38
1545,141.38
1546,310.68
1547,278.43
1548,168.56
1549,81.73
1550,119.46
1551,155.39
1552,87.47
1553,102.18
1554,82.88
1555,112.46
1556,118.64
1557,154.87
1558,112.69
1559,145.74
1560,136.76
1561,418.76
1562,138.56
1563,142.75
1564,84.69
1565,304.8
1566,418.43
1567,241.47
1568,212.07
1569,335.18
1570,380.83
1571,218.34
1572,413.69
1573,337.45
1574,187.58
1575,144.64
1576,172.89
1577,131.04
1578,316.6
1579,83.02
1580,249.6
1581,379.87
1582,367.28
1583,415.67
1584,144.39
1585,149.66
1586,425.08
1587,374.01
1588,249.64
1589,88.12
1590,294.3
1591,171.42
1592,115.06
1593,161.1
1594,193.56
1595,159.03
1596,123.33
1597,95.62
1598,121.89
1599,89.84
1600,89.0
1601,101.83
1602,295.46
1603,109.94
1604,223.54
1605,102.89
1606,112.55
1607,58.82
1608,54.83
1609,141.82
1610,124.02
1611,181.82
1612,60.54
1613,104.53
1614,62.41
1615,183.58
1616,135.51
1617,123.98
1618,88.71
1619,119.19
1620,208.66
1621,175.49
1622,296.04
1623,279.89
1624,188.0
1625,175.94
1626,183.91
1627,144.83
1628,174.88
1629,162.07
1630,103.74
1631,67.49
1632,49.34
1633,88.46
1634,102.11
1635,195.76
1636,181.35
1637,366.3
1638,65.39
1639,151.55
1640,152.15
1641,210.69
1642,255.84
1643,116.39
1644,216.72
1645,77.19
1646,188.04
1647,144.85
1648,176.62
1649,131.1
1650,321.07
1651,88.02
1652,258.57
1653,417.15
1654,384.28
1655,425.42
1656,147.74
1657,155.5
1658,439.56
1659,390.45
1660,258.35
1661,92.54
1662,199.37
1663,187.23
1664,289.01
1665,68.95
1666,157.65
1667,154.06
1668,212.75
1669,246.31
1670,118.5
1671,194.92
1672,78.33
1673,136.41
1674,413.47
1675,140.92
1676,187.31
1677,92.43
1678,305.16
1679,413.39
1680,240.01
1681,213.67
1682,380.71
1683,381.03
1684,222.28
1685,413.44
1686,410.66
1687,160.77
1688,112.64
1689,161.81
1690,193.75
1691,157.85
1692,120.08
1693,88.29
1694,116.83
1695,87.47
1696,100.66
1697,103.14
1698,188.66
1699,106.27
1700,186.68
1701,163.26
1702,76.83
1703,175.64
1704,368.44
1705,390.22
1706,206.29
1707,378.29
1708,134.71
1709,303.91
1710,245.97
1711,166.36
1712,77.14
1713,480.39
1714,425.94
1715,510.24
1716,438.7
1717,425.94
1718,366.18
1719,227.14
1720,363.88
1721,454.58
1722,404.16
1723,135.94
1724,140.51
1725,106.42
1726,169.19
1727,101.63
1728,165.97
1729,135.91
1730,131.44
1731,344.45
1732,375.26
1733,265.93
1734,358.34
1735,134.12
1736,291.59
1737,257.85
1738,162.69
1739,73.0
1740,115.58
1741,144.0
1742,53.65
1743,60.78
1744,185.06
1745,114.76
1746,69.19
1747,123.02
1748,121.79
1749,104.85
1750,132.48
1751,130.57
1752,161.08
1753,187.0
1754,138.35
1755,249.14
1756,97.38
1757,69.77
1758,176.91
1759,231.28
1760,78.89
1761,169.69
1762,91.15
1763,63.9
1764,46.74
1765,84.27
1766,86.18
1767,265.54
1768,275.75
1769,300.31
1770,135.67
1771,223.37
1772,83.02
1773,191.76
1774,87.44
1775,325.23
1776,184.58
1777,360.93
1778,118.94
1779,146.81
1780,68.83
1781,60.82
1782,190.19
1783,120.23
1784,76.66
1785,138.06
1786,138.06
1787,118.98
1788,124.76
1789,219.38
1790,305.0
1791,191.86
1792,147.0
1793,177.49
1794,133.12
1795,102.59
1796,125.19
1797,120.91
1798,158.92
1799,175.17
1800,133.9
1801,246.19
1802,91.58
1803,68.86
1804,175.34
1805,220.28
1806,76.54
1807,168.53
1808,141.76
1809,428.84
1810,145.05
1811,194.67
1812,95.29
1813,308.7
1814,428.84
1815,250.69
1816,206.1
1817,431.82
1818,445.93
1819,228.94
1820,445.45
1821,427.0
1822,93.67
1823,65.94
1824,46.49
1825,85.51
1826,89.47
1827,474.7
1828,406.07
1829,466.96
1830,449.63
1831,406.07
1832,401.73
1833,228.08
1834,351.12
1835,448.95
1836,386.89
1837,80.65
1838,47.36
1839,47.81
1840,104.88
1841,114.27
1842,60.93
1843,55.48
1844,142.96
1845,125.7
1846,185.82
1847,55.89
1848,105.72
1849,57.4
1850,358.01
1851,398.06
1852,281.76
1853,382.81
1854,148.7
1855,308.77
1856,275.34
1857,168.08
1858,79.07
1859,195.01
1860,181.21
1861,358.85
1862,64.23
1863,150.02
1864,153.05
1865,210.15
1866,257.07
1867,112.26
1868,212.79
1869,75.45
1870,55.23
1871,214.28
1872,111.0
1873,342.59
1874,375.26
1875,265.93
1876,358.34
1877,134.12
1878,291.59
1879,257.85
1880,162.69
1881,73.0
1882,175.11
1883,129.1
1884,119.47
1885,82.14
1886,114.73
1887,201.22
1888,167.32
1889,289.98
1890,268.61
1891,178.38
1892,167.76
1893,193.22
1894,183.49
1895,286.31
1896,66.86
1897,149.47
1898,150.78
1899,210.69
1900,235.08
1901,115.5
1902,196.67
1903,73.93
1904,95.92
1905,76.82
1906,122.43
1907,46.78
1908,215.28
1909,82.3
1910,243.61
1911,357.82
1912,379.51
1913,438.93
1914,149.82
1915,163.78
1916,433.88
1917,355.85
1918,243.31
1919,87.11
1920,55.6
1921,217.35
1922,113.4
1923,129.97
1924,74.22
1925,63.56
1926,356.4
1927,398.06
1928,281.76
1929,382.62
1930,148.52
1931,308.65
1932,275.34
1933,168.08
1934,79.07
1935,196.57
1936,181.83
1937,358.86
1938,64.65
1939,150.08
1940,151.94
1941,212.83
1942,252.37
1943,113.61
1944,218.76
1945,73.49
1946,97.69
1947,78.25
1948,119.09
1949,48.08
1950,102.76
1951,127.13
1952,123.12
1953,153.76
1954,166.01
1955,135.75
1956,244.25
1957,85.72
1958,65.89
1959,154.47
1960,204.07
1961,74.06
1962,155.86
1963,90.89
1964,63.9
1965,46.0
1966,84.02
1967,86.18
1968,143.14
1969,76.16
1970,74.63
1971,132.68
1972,148.77
1973,177.95
1974,134.94
1975,142.68
1976,83.77
1977,129.6
1978,213.9
1979,168.23
1980,295.14
1981,272.25
1982,182.93
1983,168.06
1984,160.69
1985,111.6
1986,155.93
1987,188.5
1988,153.3
1989,120.36
1990,85.85
1991,117.94
1992,88.62
1993,192.92
1994,148.64
1995,179.12
1996,132.89
1997,139.24
1998,134.37
1999,104.61
2000,165.46
2001,98.7
2002,163.15
2003,137.63
2004,131.35
2005,305.68
2006,84.21
2007,244.03
2008,392.37
2009,366.68
2010,405.04
2011,140.63
2012,149.33
2013,426.22
2014,370.1
2015,244.06
2016,86.12
2017,142.24
2018,437.58
2019,145.82
2020,197.58
2021,97.36
2022,311.22
2023,437.58
2024,254.38
2025,209.32
2026,397.74
2027,399.67
2028,225.8
2029,418.5
2030,431.23
2031,368.3
2032,390.46
2033,206.4
2034,377.83
2035,134.66
2036,304.03
2037,245.97
2038,166.6
2039,77.16
2040,307.05
2041,84.17
2042,248.56
2043,429.23
2044,364.42
2045,409.8
2046,142.27
2047,150.79
2048,428.47
2049,379.68
2050,248.39
2051,87.53
2052,118.23
2053,119.14
2054,215.15
2055,302.0
2056,176.93
2057,128.99
2058,122.38
2059,82.87
2060,115.38
2061,202.3
2062,167.32
2063,292.27
2064,272.28
2065,181.22
2066,168.0
2067,99.46
2068,63.65
2069,46.2
2070,85.42
2071,99.17
2072,96.07
2073,362.28
2074,107.37
2075,250.48
2076,139.71
2077,134.2
2078,103.99
2079,165.48
2080,100.9
2081,166.55
2082,141.18
2083,132.02
2084,112.24
2085,128.97
2086,208.19
2087,114.03
2088,198.28
2089,167.45
2090,83.0
2091,189.23
2092,55.97
2093,217.06
2094,113.32
2095,95.52
2096,75.43
2097,124.56
2098,46.9
2099,186.82
2100,144.64
2101,172.83
2102,131.04
2103,118.23
2104,119.14
2105,215.15
2106,302.0
2107,101.9
2108,302.2
2109,109.91
2110,222.25
2111,121.44
2112,127.92
2113,221.21
2114,312.14
2115,496.13
2116,416.44
2117,508.85
2118,436.73
2119,416.44
2120,357.34
2121,224.84
2122,363.73
2123,454.74
2124,403.38
2125,106.15
2126,109.0
2127,205.86
2128,111.17
2129,193.77
2130,170.44
2131,80.48
2132,182.64
2133,88.97
2134,88.56
2135,117.45
2136,63.19
2137,63.36
2138,85.42
2139,87.98
2140,93.3
2141,64.38
2142,65.4
2143,182.07
2144,140.86
2145,172.59
2146,131.08
2147,118.84
2148,159.26
2149,69.46
2150,60.42
2151,194.5
2152,118.84
2153,76.65
2154,138.79
2155,138.79
2156,172.99
2157,128.47
2158,127.59
2159,82.03
2160,114.59
2161,183.37
2162,157.58
2163,269.75
2164,266.08
2165,170.33
2166,168.68
2167,140.47
2168,96.92
2169,79.29
2170,104.95
2171,110.32
2172,144.71
2173,104.74
2174,134.76
2175,100.88
2176,123.75
2177,119.36
2178,153.49
2179,170.82
2180,132.93
2181,244.25
2182,89.13
2183,64.55
2184,170.79
2185,217.24
2186,74.39
2187,160.91
2188,87.81
2189,49.54
2190,49.98
2191,104.0
2192,365.23
2193,111.41
2194,239.61
2195,119.71
2196,118.53
2197,218.26
2198,300.86
2199,96.48
2200,63.01
2201,46.0
2202,84.09
2203,97.02
2204,176.67
2205,129.55
2206,122.41
2207,84.64
2208,116.43
2209,206.57
2210,166.2
2211,274.26
2212,280.13
2213,182.24
2214,167.67
2215,111.06
2216,156.99
2217,65.25
2218,57.61
2219,189.53
2220,109.98
2221,73.2
2222,133.54
2223,133.54
2224,90.94
2225,89.22
2226,123.53
2227,64.32
2228,66.44
2229,87.21
2230,90.58
2231,94.68
2232,64.6
2233,65.79
2234,193.23
2235,182.36
2236,299.09
2237,65.5
2238,149.53
2239,150.24
2240,210.16
2241,237.8
2242,113.29
2243,204.03
2244,75.6
2245,317.18
2246,83.73
2247,252.2
2248,399.53
2249,371.73
2250,416.56
2251,142.76
2252,149.99
2253,425.44
2254,376.73
2255,252.07
2256,88.46
2257,97.58
2258,77.99
2259,124.22
2260,48.0
2261,118.14
2262,123.5
2263,218.51
2264,302.6
2265,140.32
2266,74.63
2267,65.25
2268,143.01
2269,76.72
2270,73.2
2271,193.47
2272,183.93
2273,364.89
2274,66.81
2275,152.32
2276,151.5
2277,210.69
2278,250.5
2279,116.86
2280,216.79
2281,75.93
2282,102.13
2283,305.7
2284,110.8
2285,224.25
2286,83.17
2287,119.77
2288,83.24
2289,172.14
2290,86.2
2291,83.09
2292,90.61
2293,99.15
2294,189.05
2295,475.46
2296,411.7
2297,466.25
2298,420.62
2299,411.7
2300,347.41
2301,218.83
2302,342.9
2303,443.17
2304,393.08
2305,198.5
2306,184.97
2307,372.38
2308,65.81
2309,153.98
2310,153.91
2311,211.85
2312,260.15
2313,116.78
2314,216.93
2315,76.29
2316,476.33
2317,421.04
2318,501.83
2319,432.7
2320,421.04
2321,358.18
2322,226.67
2323,360.63
2324,452.16
2325,398.32
2326,139.24
2327,158.0
2328,344.82
2329,375.26
2330,265.93
2331,358.09
2332,134.1
2333,291.59
2334,256.33
2335,162.69
2336,73.0
2337,102.99
2338,107.3
2339,191.83
2340,107.05
2341,190.54
2342,168.6
2343,77.68
2344,182.47
2345,112.34
2346,138.14
2347,58.09
2348,57.72
2349,174.49
2350,113.99
2351,73.84
2352,127.26
2353,127.28
2354,261.22
2355,163.26
2356,112.47
2357,154.51
2358,186.49
2359,152.15
2360,121.04
2361,90.71
2362,120.92
2363,86.41
2364,85.89
2365,140.1
2366,74.25
2367,68.0
2368,195.72
2369,182.55
2370,356.12
2371,65.11
2372,148.35
2373,151.37
2374,212.49
2375,245.84
2376,113.37
2377,212.49
2378,73.62
2379,102.72
2380,67.45
2381,48.83
2382,88.36
2383,102.14
2384,320.2
2385,86.67
2386,257.34
2387,390.64
2388,374.29
2389,423.13
2390,146.12
2391,152.97
2392,429.69
2393,388.92
2394,257.0
2395,92.37
2396,264.9
2397,275.49
2398,300.31
2399,135.51
2400,223.48
2401,83.0
2402,189.51
2403,86.76
2404,324.7
2405,184.49
2406,360.8
2407,192.76
2408,178.96
2409,351.18
2410,63.2
2411,149.3
2412,151.58
2413,212.39
2414,247.46
2415,111.72
2416,205.96
2417,71.61
2418,202.34
2419,186.11
2420,386.14
2421,67.43
2422,158.26
2423,154.61
2424,212.75
2425,266.49
2426,118.29
2427,218.35
2428,79.11
2429,350.72
2430,386.55
2431,273.78
2432,373.49
2433,137.58
2434,300.46
2435,266.24
2436,164.78
2437,76.01
2438,88.67
2439,87.95
2440,117.34
2441,62.92
2442,63.07
2443,85.18
2444,89.43
2445,91.63
2446,67.0
2447,64.02
2448,128.0
2449,396.48
2450,138.81
2451,140.98
2452,80.51
2453,303.12
2454,396.44
2455,230.49
2456,208.34
2457,326.81
2458,377.36
2459,209.63
2460,406.43
2461,329.07
2462,100.01
2463,76.92
2464,133.12
2465,49.15
2466,166.66
2467,161.23
2468,173.29
2469,129.06
2470,120.58
2471,82.28
2472,114.54
2473,204.22
2474,165.12
2475,272.58
2476,279.49
2477,178.41
2478,165.87
2479,133.71
2480,149.73
2481,191.86
2482,146.36
2483,177.46
2484,166.53
2485,91.26
2486,90.77
2487,124.22
2488,63.02
2489,67.44
2490,86.91
2491,89.71
2492,88.13
2493,64.49
2494,65.83
2495,101.06
2496,76.99
2497,126.89
2498,49.19
2499,344.82
2500,375.26
2501,265.93
2502,358.09
2503,134.1
2504,291.59
2505,256.23
2506,162.69
2507,73.0
2508,137.61
2509,420.3
2510,141.42
2511,189.8
2512,91.97
2513,300.72
2514,420.3
2515,243.33
2516,207.73
2517,419.77
2518,436.63
2519,229.33
2520,436.46
2521,414.86
2522,290.3
2523,166.35
2524,112.95
2525,153.76
2526,188.89
2527,151.21
2528,118.04
2529,89.67
2530,115.83
2531,87.15
2532,86.57
2533,193.91
2534,147.42
2535,180.27
2536,132.15
2537,166.51
2538,161.23
2539,104.78
2540,132.48
2541,124.31
2542,161.09
2543,185.14
2544,137.21
2545,249.14
2546,97.26
2547,69.77
2548,177.91
2549,220.49
2550,77.04
2551,168.67
2552,86.81
2553,89.48
2554,116.94
2555,61.45
2556,84.43
2557,88.04
2558,87.27
2559,63.18
2560,110.24
2561,137.67
2562,75.47
2563,96.26
2564,79.38
2565,103.3
2566,110.87
2567,142.77
2568,103.33
2569,133.38
2570,87.74
2571,87.61
2572,116.94
2573,62.44
2574,63.81
2575,84.71
2576,90.49
2577,91.56
2578,66.75
2579,63.5
2580,102.22
2581,301.37
2582,109.57
2583,221.87
2584,98.26
2585,77.93
2586,131.74
2587,50.14
2588,84.45
2589,48.01
2590,48.49
2591,57.89
2592,215.12
2593,113.2
2594,96.18
2595,74.11
2596,116.97
2597,46.24
2598,483.76
2599,417.67
2600,492.39
2601,436.57
2602,417.67
2603,365.92
2604,223.21
2605,358.92
2606,452.56
2607,398.29
2608,91.94
2609,65.31
2610,46.32
2611,84.93
2612,97.08
2613,219.84
2614,84.1
2615,249.49
2616,363.87
2617,383.55
2618,440.66
2619,148.95
2620,164.06
2621,428.47
2622,358.19
2623,249.21
2624,87.54
2625,101.43
2626,110.46
2627,54.44
2628,135.65
2629,124.49
2630,54.81
2631,56.98
2632,467.62
2633,421.38
2634,466.07
2635,420.5
2636,421.38
2637,347.41
2638,222.31
2639,342.9
2640,443.17
2641,393.08
2642,136.28
2643,143.3
2644,110.85
2645,176.12
2646,104.27
2647,170.74
2648,142.04
2649,139.14
2650,477.53
2651,417.49
2652,492.21
2653,436.8
2654,417.49
2655,366.41
2656,227.6
2657,359.4
2658,452.72
2659,398.36
2660,110.23
2661,129.47
2662,212.07
2663,123.7
2664,232.48
2665,162.15
2666,80.06
2667,217.61
2668,140.62
2669,428.83
2670,142.71
2671,146.31
2672,88.45
2673,311.34
2674,428.8
2675,250.84
2676,216.67
2677,343.26
2678,397.6
2679,219.76
2680,422.6
2681,346.9
2682,102.13
2683,313.72
2684,109.57
2685,241.67
2686,115.44
2687,150.39
2688,80.34
2689,102.96
2690,81.7
2691,113.68
2692,117.86
2693,152.69
2694,111.33
2695,136.97
2696,69.27
2697,123.44
2698,90.85
2699,127.41
2700,68.94
2701,68.84
2702,59.68
2703,216.43
2704,119.44
2705,57.6
2706,216.71
2707,113.58
2708,72.05
2709,123.84
2710,91.08
2711,134.71
2712,72.25
2713,72.08
2714,490.73
2715,411.45
2716,497.45
2717,457.38
2718,411.45
2719,404.86
2720,223.2
2721,359.81
2722,452.16
2723,398.32
2724,302.07
2725,81.22
2726,243.16
2727,391.02
2728,363.19
2729,404.04
2730,141.5
2731,149.58
2732,433.88
2733,367.31
2734,242.86
2735,86.4
2736,96.46
2737,74.11
2738,116.74
2739,46.24
2740,57.94
2741,208.23
2742,112.95
2743,132.19
2744,75.53
2745,63.01
2746,383.76
2747,398.07
2748,282.46
2749,393.95
2750,147.64
2751,371.47
2752,278.86
2753,165.21
2754,81.77
2755,139.03
2756,75.64
2757,72.71
2758,433.59
2759,418.81
2760,406.05
2761,444.4
2762,429.89
2763,375.34
2764,229.47
2765,365.77
2766,457.22
2767,406.92
2768,137.41
2769,419.54
2770,141.42
2771,179.15
2772,93.1
2773,307.56
2774,419.54
2775,243.89
2776,212.41
2777,385.26
2778,385.44
2779,223.74
2780,414.06
2781,415.45
2782,117.98
2783,122.91
2784,217.31
2785,301.64
2786,74.16
2787,124.36
2788,91.24
2789,139.35
2790,73.76
2791,73.87
2792,74.21
2793,84.03
2794,122.22
2795,82.79
2796,171.35
2797,87.55
2798,83.69
2799,90.12
2800,98.57
2801,190.36
2802,193.33
2803,182.53
2804,283.93
2805,64.41
2806,148.82
2807,150.5
2808,211.27
2809,236.47
2810,112.43
2811,193.56
2812,74.86
2813,95.6
2814,75.44
2815,115.87
2816,46.88
2817,107.92
2818,123.07
2819,204.15
2820,106.84
2821,194.38
2822,159.87
2823,77.0
2824,179.35
2825,260.38
2826,166.95
2827,112.63
2828,155.21
2829,188.71
2830,152.49
2831,121.68
2832,91.09
2833,120.76
2834,86.74
2835,86.17
2836,90.94
2837,66.33
2838,48.47
2839,86.94
2840,90.23
2841,133.2
2842,73.86
2843,63.07
2844,378.43
2845,401.87
2846,214.78
2847,389.73
2848,136.65
2849,310.8
2850,255.98
2851,168.56
2852,81.73
2853,60.8
2854,225.93
2855,121.02
2856,128.0
2857,396.48
2858,140.46
2859,180.0
2860,86.98
2861,289.5
2862,396.48
2863,230.49
2864,208.0
2865,369.47
2866,377.15
2867,220.12
2868,406.43
2869,394.0
2870,421.72
2871,405.99
2872,397.38
2873,423.39
2874,416.22
2875,353.55
2876,226.6
2877,350.88
2878,448.95
2879,397.83
2880,154.64
2881,154.23
2882,182.07
2883,140.86
2884,172.28
2885,131.08
2886,70.58
2887,123.65
2888,90.64
2889,128.43
2890,69.33
2891,69.46
2892,69.27
2893,134.93
2894,414.86
2895,140.45
2896,188.33
2897,90.89
2898,297.78
2899,414.86
2900,242.95
2901,208.55
2902,416.03
2903,430.41
2904,228.62
2905,431.56
2906,410.56
2907,221.1
2908,83.39
2909,251.09
2910,364.93
2911,382.87
2912,449.7
2913,150.2
2914,162.94
2915,428.16
2916,355.53
2917,250.79
2918,88.9
2919,58.54
2920,219.64
2921,116.39
2922,120.46
2923,123.47
2924,216.91
2925,308.48
2926,101.67
2927,293.51
2928,109.42
2929,221.62
2930,346.11
2931,387.89
2932,269.84
2933,370.67
2934,135.86
2935,297.63
2936,260.08
2937,163.91
2938,74.17
2939,133.59
2940,407.19
2941,140.3
2942,186.05
2943,90.37
2944,296.82
2945,407.19
2946,238.88
2947,209.21
2948,377.92
2949,402.93
2950,223.57
2951,419.36
2952,404.59
2953,93.64
2954,72.6
2955,126.9
2956,46.0
2957,97.65
2958,77.93
2959,123.28
2960,47.92
2961,107.09
2962,116.17
2963,62.56
2964,57.7
2965,144.77
2966,125.94
2967,188.55
2968,63.82
2969,107.4
2970,65.7
2971,105.21
2972,113.54
2973,55.54
2974,142.72
2975,125.52
2976,55.47
2977,57.11
2978,192.02
2979,146.85
2980,176.44
2981,132.85
2982,103.5
2983,111.87
2984,53.0
2985,133.91
2986,124.7
2987,55.35
2988,57.0
2989,118.02
2990,123.33
2991,218.96
2992,302.18
2993,118.64
2994,117.44
2995,215.45
2996,295.22
2997,306.9
2998,83.78
2999,248.45
3000,429.82
3001,408.25
3002,442.83
3003,141.9
3004,150.05
3005,428.47
3006,434.33
3007,248.3
3008,87.47
3009,116.11
3010,146.04
3011,81.61
3012,96.82
3013,79.83
3014,105.62
3015,112.02
3016,150.44
3017,106.1
3018,139.07
3019,195.52
3020,182.69
3021,297.75
3022,64.82
3023,148.42
3024,151.36
3025,212.49
3026,235.61
3027,112.93
3028,202.57
3029,72.66
3030,88.89
3031,89.64
3032,120.12
3033,62.84
3034,66.97
3035,85.86
3036,89.34
3037,87.27
3038,64.69
3039,65.65
3040,134.89
3041,133.2
3042,101.85
3043,163.22
3044,98.17
3045,161.41
3046,136.04
3047,130.92
3048,275.07
3049,166.98
3050,112.63
3051,155.07
3052,183.24
3053,152.41
3054,121.53
3055,90.91
3056,117.37
3057,86.92
3058,86.34
3059,169.94
3060,128.2
3061,141.11
3062,79.91
3063,123.63
3064,213.05
3065,159.99
3066,285.29
3067,261.49
3068,173.0
3069,159.62
3070,103.14
3071,79.59
3072,125.33
3073,48.97
3074,188.54
3075,144.91
3076,173.52
3077,131.44
3078,500.45
3079,417.57
3080,509.45
3081,466.0
3082,417.57
3083,411.24
3084,229.36
3085,366.03
3086,457.51
3087,394.46
3088,197.25
3089,150.45
3090,183.72
3091,134.39
3092,317.55
3093,84.74
3094,255.14
3095,440.69
3096,370.49
3097,421.78
3098,143.88
3099,150.67
3100,430.4
3101,387.94
3102,254.66
3103,89.59
3104,197.08
3105,180.08
3106,355.37
3107,64.11
3108,151.16
3109,152.11
3110,212.49
3111,249.94
3112,112.89
3113,212.03
3114,72.72
3115,73.9
3116,124.18
3117,91.43
3118,136.26
3119,74.11
3120,73.63
3121,201.88
3122,184.7
3123,385.85
3124,66.99
3125,157.71
3126,154.7
3127,212.75
3128,264.43
3129,118.28
3130,218.88
3131,78.96
3132,476.16
3133,408.35
3134,466.87
3135,422.53
3136,408.35
3137,402.02
3138,226.2
3139,348.39
3140,451.91
3141,395.96
3142,96.07
3143,314.0
3144,107.39
3145,238.05
3146,111.21
3147,144.25
3148,145.3
3149,160.41
3150,201.51
3151,146.94
3152,251.07
3153,97.37
3154,69.7
3155,159.82
3156,265.87
3157,78.96
3158,174.89
3159,395.12
3160,401.87
3161,287.04
3162,403.49
3163,149.36
3164,278.89
3165,283.97
3166,168.56
3167,81.73
3168,316.85
3169,83.72
3170,310.93
3171,433.86
3172,422.26
3173,453.27
3174,142.61
3175,149.89
3176,425.44
3177,454.84
3178,308.01
3179,88.54
3180,79.25
3181,117.84
3182,81.09
3183,169.66
3184,85.27
3185,82.2
3186,88.25
3187,96.23
3188,186.68
3189,102.18
3190,125.18
3191,121.29
3192,150.35
3193,168.65
3194,133.91
3195,244.66
3196,87.47
3197,65.04
3198,174.17
3199,217.61
3200,73.12
3201,163.71
3202,71.21
3203,122.25
3204,88.68
3205,129.56
3206,70.71
3207,70.77
3208,58.23
3209,219.23
3210,116.69
3211,105.55
3212,113.48
3213,53.55
3214,135.61
3215,123.99
3216,55.61
3217,57.42
3218,189.28
3219,145.7
3220,176.82
3221,131.4
3222,138.15
3223,424.13
3224,141.39
3225,191.0
3226,93.86
3227,300.96
3228,424.13
3229,246.68
3230,211.15
3231,386.98
3232,385.55
3233,226.01
3234,413.91
3235,416.7
3236,318.94
3237,86.62
3238,255.49
3239,409.66
3240,381.04
3241,421.59
3242,144.97
3243,152.96
3244,430.28
3245,387.02
3246,255.58
3247,91.69
3248,131.79
3249,74.12
3250,62.99
3251,273.35
3252,284.26
3253,300.92
3254,139.44
3255,207.53
3256,85.12
3257,201.49
3258,92.78
3259,281.27
3260,196.1
3261,301.05
3262,181.6
3263,142.51
3264,172.48
3265,128.48
3266,191.54
3267,180.86
3268,282.72
3269,63.07
3270,147.04
3271,150.93
3272,212.39
3273,234.27
3274,111.89
3275,189.66
3276,71.67
3277,73.35
3278,133.48
3279,92.2
3280,134.56
3281,71.76
3282,72.14
3283,71.77
3284,89.73
3285,87.5
3286,122.12
3287,62.05
3288,62.15
3289,83.93
3290,89.93
3291,90.69
3292,64.44
3293,63.15
3294,136.32
3295,406.74
3296,138.41
3297,141.29
3298,82.7
3299,306.36
3300,406.71
3301,239.02
3302,209.98
3303,328.08
3304,381.54
3305,218.24
3306,411.73
3307,332.49
3308,57.2
3309,225.93
3310,120.96
3311,174.58
3312,133.74
3313,142.01
3314,82.12
3315,127.47
3316,211.85
3317,171.36
3318,292.01
3319,270.41
3320,178.41
3321,171.14
3322,141.54
3323,437.58
3324,145.94
3325,197.53
3326,97.44
3327,308.94
3328,437.58
3329,255.08
3330,216.96
3331,397.67
3332,399.88
3333,227.32
3334,418.5
3335,431.47
3336,128.0
3337,396.48
3338,140.49
3339,173.39
3340,87.26
3341,303.12
3342,396.47
3343,230.49
3344,207.55
3345,369.26
3346,377.5
3347,220.85
3348,406.43
3349,394.0
3350,109.83
3351,126.9
3352,209.38
3353,113.41
3354,193.54
3355,161.57
3356,78.0
3357,188.75
3358,490.3
3359,424.42
3360,508.71
3361,438.24
3362,424.42
3363,357.49
3364,222.68
3365,363.8
3366,454.95
3367,404.48
3368,121.44
3369,127.36
3370,221.21
3371,312.14
3372,105.21
3373,114.94
3374,62.13
3375,57.33
3376,143.24
3377,125.52
3378,185.83
3379,61.53
3380,106.69
3381,64.24
3382,499.04
3383,420.16
3384,500.1
3385,470.19
3386,420.16
3387,415.14
3388,232.77
3389,365.46
3390,457.3
3391,394.74
3392,59.33
3393,215.85
3394,117.09
3395,111.88
3396,137.64
3397,66.47
3398,56.66
3399,189.57
3400,111.0
3401,72.03
3402,130.11
3403,130.11
3404,57.63
3405,214.93
3406,112.65
3407,100.19
3408,77.02
3409,123.5
3410,49.06
3411,119.38
3412,117.98
3413,217.46
3414,300.02
3415,432.37
3416,412.16
3417,403.21
3418,438.7
3419,423.81
3420,364.67
3421,226.74
3422,363.66
3423,453.69
3424,403.68
3425,182.74
3426,139.36
3427,172.21
3428,118.64
3429,122.72
3430,166.3
3431,258.69
3432,79.1
3433,116.91
3434,144.53
3435,60.5
3436,60.72
3437,184.9
3438,117.15
3439,72.58
3440,124.17
3441,132.58
3442,158.04
3443,155.7
3444,144.46
3445,76.48
3446,75.43
3447,375.36
3448,390.46
3449,276.96
3450,384.33
3451,142.32
3452,361.97
3453,267.9
3454,166.6
3455,77.08
3456,351.75
3457,392.69
3458,280.86
3459,379.71
3460,136.81
3461,304.71
3462,272.03
3463,167.05
3464,78.85
3465,107.28
3466,115.07
3467,61.9
3468,57.6
3469,143.98
3470,125.38
3471,187.43
3472,63.48
3473,108.68
3474,65.56
3475,110.44
3476,140.9
3477,141.85
3478,154.78
3479,196.35
3480,144.99
3481,248.65
3482,94.53
3483,66.54
3484,157.23
3485,263.84
3486,75.68
3487,169.07
3488,141.54
3489,437.58
3490,143.28
3491,146.27
3492,89.43
3493,308.94
3494,437.53
3495,255.04
3496,218.12
3497,347.07
3498,399.95
3499,219.97
3500,418.43
3501,349.13
3502,159.73
3503,156.67
3504,74.12
3505,133.96
3506,95.14
3507,133.77
3508,72.98
3509,73.46
3510,71.93
3511,133.54
3512,408.11
3513,140.27
3514,186.34
3515,91.86
3516,306.48
3517,408.03
3518,240.35
3519,213.18
3520,378.47
3521,380.92
3522,223.61
3523,411.82
3524,405.17
3525,117.9
3526,122.83
3527,218.31
3528,301.64
3529,118.5
3530,119.59
3531,217.71
3532,301.4
3533,374.74
3534,385.72
3535,276.53
3536,382.22
3537,142.7
3538,271.2
3539,268.3
3540,164.63
3541,76.0
3542,94.71
3543,74.0
3544,119.7
3545,46.13
3546,187.5
3547,144.64
3548,172.62
3549,131.04
3550,56.77
3551,212.92
3552,111.0
3553,116.87
3554,143.7
3555,68.22
3556,59.7
3557,183.6
3558,117.3
3559,75.29
3560,133.0
3561,133.04
3562,113.7
3563,144.55
3564,81.45
3565,97.4
3566,79.74
3567,107.3
3568,111.75
3569,147.22
3570,105.76
3571,139.53
3572,270.63
3573,284.92
3574,287.05
3575,137.1
3576,199.23
3577,84.84
3578,194.28
3579,92.02
3580,279.22
3581,182.81
3582,301.01
3583,98.72
3584,77.55
3585,131.08
3586,49.83
3587,133.55
3588,408.78
3589,140.98
3590,185.02
3591,90.09
3592,295.89
3593,408.78
3594,239.26
3595,211.3
3596,378.92
3597,406.87
3598,225.51
3599,423.84
3600,406.56
3601,368.57
3602,390.19
3603,267.26
3604,374.59
3605,141.63
3606,265.32
3607,256.25
3608,164.09
3609,73.32
3610,57.32
3611,215.13
3612,112.2
3613,94.79
3614,67.31
3615,48.85
3616,88.08
3617,92.59
3618,118.64
3619,117.44
3620,215.45
3621,295.22
3622,193.44
3623,148.64
3624,178.98
3625,132.89
3626,178.37
3627,135.69
3628,160.29
3629,111.65
3630,119.89
3631,159.36
3632,233.38
3633,74.21
3634,94.87
3635,67.81
3636,48.83
3637,87.98
3638,92.5
3639,368.75
3640,390.19
3641,267.26
3642,374.53
3643,141.68
3644,264.42
3645,256.15
3646,164.09
3647,73.32
3648,305.48
3649,83.19
3650,246.86
3651,381.48
3652,363.9
3653,409.03
3654,143.09
3655,149.53
3656,425.42
3657,373.71
3658,246.47
3659,87.07
3660,153.53
3661,154.27
3662,181.6
3663,143.78
3664,172.33
3665,160.67
3666,95.83
3667,74.0
3668,129.57
3669,46.05
3670,103.9
3671,121.4
3672,206.58
3673,106.67
3674,194.17
3675,165.75
3676,76.84
3677,173.78
3678,292.2
3679,267.7
3680,310.92
3681,139.22
3682,218.35
3683,86.23
3684,190.27
3685,88.1
3686,336.68
3687,190.18
3688,365.9
3689,187.5
3690,144.64
3691,172.62
3692,131.04
3693,193.91
3694,147.42
3695,180.09
3696,132.15
3697,72.65
3698,135.3
3699,96.48
3700,131.63
3701,72.51
3702,71.58
3703,71.47
3704,179.13
3705,138.06
3706,160.76
3707,128.78
3708,120.44
3709,177.49
3710,259.14
3711,74.57
3712,192.81
3713,148.78
3714,176.14
3715,133.07
3716,476.03
3717,411.7
3718,466.25
3719,445.76
3720,411.7
3721,395.37
3722,219.99
3723,342.9
3724,443.25
3725,393.08
3726,118.23
3727,119.22
3728,215.15
3729,302.0
3730,57.53
3731,216.46
3732,112.59
3733,102.17
3734,111.28
3735,58.15
3736,54.89
3737,143.45
3738,123.99
3739,180.07
3740,55.58
3741,103.39
3742,57.3
3743,91.97
3744,67.57
3745,50.71
3746,88.91
3747,95.94
3748,305.51
3749,84.05
3750,244.63
3751,375.5
3752,361.53
3753,405.32
3754,142.55
3755,148.8
3756,426.22
3757,369.48
3758,244.52
3759,85.93
3760,121.05
3761,126.88
3762,220.93
3763,310.58
3764,183.91
3765,143.62
3766,174.67
3767,129.56
3768,109.27
3769,128.91
3770,217.53
3771,103.78
3772,193.54
3773,161.46
3774,78.0
3775,181.26
3776,84.71
3777,46.21
3778,112.97
3779,137.99
3780,66.02
3781,57.76
3782,174.27
3783,113.57
3784,72.91
3785,128.85
3786,128.71
3787,103.41
3788,111.93
3789,58.03
3790,56.86
3791,142.26
3792,124.02
3793,180.39
3794,59.99
3795,103.81
3796,61.83
3797,110.07
3798,127.35
3799,122.74
3800,152.69
3801,169.55
3802,135.03
3803,243.71
3804,83.07
3805,66.28
3806,161.18
3807,204.23
3808,73.06
3809,161.94
3810,139.85
3811,134.28
3812,102.54
3813,166.56
3814,102.6
3815,169.27
3816,141.62
3817,131.53
3818,91.71
3819,89.59
3820,123.72
3821,65.72
3822,67.11
3823,89.37
3824,93.33
3825,96.32
3826,69.41
3827,66.52
3828,58.1
3829,219.64
3830,116.73
3831,103.49
3832,369.16
3833,110.56
3834,252.7
3835,326.57
3836,87.88
3837,261.42
3838,400.63
3839,381.18
3840,429.26
3841,150.52
3842,156.49
3843,440.62
3844,394.79
3845,260.8
3846,93.9
3847,97.95
3848,77.63
3849,130.56
3850,48.77
3851,132.51
3852,408.39
3853,141.57
3854,185.64
3855,91.31
3856,307.68
3857,408.31
3858,239.72
3859,214.13
3860,379.29
3861,387.26
3862,220.8
3863,414.53
3864,404.77
3865,182.08
3866,132.2
3867,129.61
3868,87.59
3869,115.68
3870,195.59
3871,156.59
3872,272.77
3873,263.88
3874,169.79
3875,167.99
3876,60.7
3877,218.79
3878,121.02
3879,289.09
3880,263.4
3881,329.02
3882,135.44
3883,214.94
3884,83.0
3885,187.93
3886,86.07
3887,359.23
3888,184.31
3889,369.13
3890,142.08
3891,138.7
3892,106.73
3893,167.52
3894,106.17
3895,166.49
3896,139.59
3897,131.29
3898,86.61
3899,49.6
3900,49.9
3901,101.58
3902,137.7
3903,127.1
3904,152.54
3905,180.04
3906,134.91
3907,243.71
3908,90.98
3909,65.48
3910,157.11
3911,257.98
3912,74.53
3913,166.38
3914,87.13
3915,49.5
3916,49.98
3917,302.13
3918,81.1
3919,242.74
3920,424.88
3921,406.97
3922,437.9
3923,141.01
3924,148.92
3925,433.88
3926,431.61
3927,242.48
3928,86.32
3929,195.58
3930,181.8
3931,358.6
3932,64.15
3933,149.66
3934,153.12
3935,211.45
3936,253.19
3937,112.23
3938,211.35
3939,74.57
3940,136.47
3941,418.09
3942,141.49
3943,189.73
3944,91.19
3945,301.26
3946,418.09
3947,243.82
3948,212.65
3949,420.71
3950,434.9
3951,231.65
3952,435.18
3953,415.39
3954,114.12
3955,145.08
3956,81.14
3957,97.4
3958,79.77
3959,106.08
3960,111.86
3961,149.39
3962,105.72
3963,139.71
3964,494.86
3965,419.73
3966,492.3
3967,440.18
3968,419.73
3969,417.84
3970,230.86
3971,360.99
3972,455.06
3973,405.0
3974,56.95
3975,223.11
3976,117.63
3977,319.57
3978,86.74
3979,317.31
3980,446.44
3981,429.65
3982,461.79
3983,145.01
3984,152.69
3985,429.69
3986,461.35
3987,314.28
3988,92.37
3989,136.94
3990,135.87
3991,103.65
3992,163.22
3993,103.69
3994,163.08
3995,136.1
3996,130.92
3997,140.38
3998,428.84
3999,145.17
4000,194.22
4001,94.73
4002,308.76
4003,428.84
4004,250.61
4005,210.59
4006,393.44
4007,423.23
4008,228.06
4009,433.83
4010,426.92
4011,461.62
4012,417.78
4013,459.04
4014,419.21
4015,417.78
4016,347.97
4017,224.61
4018,348.15
4019,448.2
4020,397.94
4021,84.67
4022,47.29
4023,47.77
4024,345.03
4025,385.97
4026,268.21
4027,368.03
4028,140.09
4029,300.24
4030,258.97
4031,163.66
4032,74.18
4033,305.88
4034,84.13
4035,308.7
4036,429.31
4037,417.7
4038,443.77
4039,141.87
4040,150.08
4041,426.16
4042,447.77
4043,305.2
4044,87.52
4045,94.21
4046,299.37
4047,106.18
4048,211.27
4049,119.38
4050,117.76
4051,217.46
4052,300.02
4053,79.24
4054,116.95
4055,83.15
4056,163.46
4057,87.58
4058,83.41
4059,92.58
4060,96.04
4061,195.41
4062,172.07
4063,127.64
4064,124.32
4065,81.93
4066,113.32
4067,191.05
4068,151.46
4069,266.73
4070,254.71
4071,164.81
4072,163.59
4073,180.23
4074,138.8
4075,163.86
4076,118.28
4077,121.31
4078,165.22
4079,255.7
4080,76.13
4081,359.36
4082,375.26
4083,197.08
4084,358.05
4085,131.76
4086,291.83
4087,236.26
4088,162.69
4089,73.0
4090,188.91
4091,139.63
4092,163.23
4093,131.42
4094,122.1
4095,166.03
4096,275.24
4097,74.86
4098,94.72
4099,67.77
4100,49.12
4101,87.39
4102,102.97
4103,326.51
4104,87.97
4105,260.91
4106,457.8
4107,431.65
4108,466.61
4109,148.83
4110,156.35
4111,440.62
4112,457.23
4113,260.67
4114,93.91
4115,88.75
4116,87.95
4117,117.0
4118,62.89
4119,63.08
4120,85.0
4121,87.43
4122,91.57
4123,67.09
4124,64.01
4125,201.93
4126,189.06
4127,379.67
4128,67.44
4129,157.15
4130,157.59
4131,215.82
4132,265.67
4133,118.97
4134,218.98
4135,78.3
4136,350.78
4137,390.22
4138,276.96
4139,374.71
4140,142.33
4141,303.94
4142,268.5
4143,166.36
4144,77.08
4145,68.4
4146,117.71
4147,87.92
4148,124.8
4149,69.06
4150,68.73
4151,327.08
4152,294.34
4153,348.86
4154,139.29
4155,220.35
4156,85.98
4157,189.88
4158,88.66
4159,372.09
4160,190.23
4161,372.45
4162,103.09
4163,128.08
4164,122.99
4165,154.54
4166,166.92
4167,135.39
4168,243.76
4169,85.34
4170,66.83
4171,153.84
4172,205.23
4173,73.99
4174,155.67
4175,74.63
4176,138.81
4177,94.42
4178,136.55
4179,72.89
4180,73.28
4181,72.78
4182,96.0
4183,350.64
4184,107.35
4185,237.65
4186,58.07
4187,220.8
4188,117.05
4189,102.37
4190,129.87
4191,121.0
4192,155.56
4193,179.05
4194,134.53
4195,244.78
4196,94.03
4197,67.06
4198,171.91
4199,218.34
4200,74.64
4201,164.01
4202,429.26
4203,409.91
4204,402.31
4205,437.31
4206,419.32
4207,366.61
4208,228.45
4209,359.16
4210,452.56
4211,398.29
4212,187.4
4213,138.4
4214,157.85
4215,128.68
4216,120.26
4217,164.73
4218,274.11
4219,72.06
4220,98.4
4221,77.95
4222,119.43
4223,48.83
4224,188.0
4225,145.9
4226,176.39
4227,163.87
4228,103.42
4229,79.78
4230,132.98
4231,49.38
4232,131.16
4233,153.99
4234,96.13
4235,284.07
4236,107.4
4237,211.99
4238,270.66
4239,278.71
4240,297.67
4241,134.34
4242,202.78
4243,83.41
4244,197.0
4245,88.65
4246,276.17
4247,192.33
4248,296.11
4249,128.0
4250,396.48
4251,140.52
4252,180.41
4253,86.01
4254,289.44
4255,396.48
4256,230.58
4257,206.04
4258,402.43
4259,416.24
4260,226.07
4261,417.35
4262,394.0
4263,204.06
4264,189.46
4265,386.63
4266,69.81
4267,161.12
4268,158.21
4269,216.34
4270,266.81
4271,121.24
4272,219.01
4273,78.87
4274,192.7
4275,146.21
4276,176.16
4277,166.05
4278,194.47
4279,181.33
4280,358.56
4281,64.4
4282,151.73
4283,152.95
4284,210.15
4285,256.43
4286,112.18
4287,210.65
4288,74.56
4289,197.25
4290,150.45
4291,183.54
4292,134.25
4293,269.77
4294,276.89
4295,308.7
4296,136.71
4297,229.51
4298,83.46
4299,195.93
4300,89.19
4301,277.32
4302,194.22
4303,336.93
4304,369.15
4305,398.07
4306,212.86
4307,383.65
4308,135.77
4309,306.05
4310,252.06
4311,165.21
4312,81.05
4313,188.04
4314,144.85
4315,176.29
4316,131.1
4317,93.64
4318,72.6
4319,119.34
4320,46.0
4321,57.03
4322,212.92
4323,111.0
4324,84.62
4325,88.08
4326,114.6
4327,61.06
4328,83.16
4329,87.92
4330,85.93
4331,60.81
4332,57.99
4333,216.56
4334,113.48
4335,110.12
4336,138.87
4337,139.58
4338,151.0
4339,195.2
4340,144.12
4341,249.58
4342,93.82
4343,64.84
4344,155.65
4345,264.23
4346,72.42
4347,165.52
4348,175.18
4349,131.43
4350,145.15
4351,82.61
4352,128.41
4353,214.63
4354,166.01
4355,294.46
4356,325.47
4357,177.97
4358,174.21
4359,116.74
4360,144.08
4361,68.78
4362,59.2
4363,197.92
4364,117.26
4365,75.29
4366,135.66
4367,135.66
4368,86.51
4369,89.54
4370,115.87
4371,61.17
4372,83.95
4373,89.11
4374,87.23
4375,62.48
4376,119.64
4377,118.54
4378,217.71
4379,299.96
4380,353.81
4381,392.54
4382,278.55
4383,378.59
4384,144.51
4385,305.32
4386,271.78
4387,167.88
4388,78.28
4389,138.6
4390,134.12
4391,105.27
4392,165.98
4393,99.99
4394,164.8
4395,139.58
4396,130.56
4397,110.61
4398,141.87
4399,80.67
4400,97.36
4401,79.47
4402,105.33
4403,111.43
4404,145.82
4405,104.31
4406,139.63
4407,87.18
4408,88.08
4409,114.93
4410,61.2
4411,63.02
4412,83.21
4413,87.92
4414,85.93
4415,63.47
4416,63.19
4417,55.79
4418,214.93
4419,112.3
4420,355.35
4421,398.07
4422,283.28
4423,383.62
4424,147.7
4425,306.95
4426,277.15
4427,165.32
4428,80.93
4429,83.35
4430,118.35
4431,82.85
4432,170.64
4433,86.96
4434,83.23
4435,90.28
4436,98.84
4437,199.93
4438,189.95
4439,141.59
4440,171.52
4441,132.95
4442,124.39
4443,168.79
4444,276.64
4445,78.94
4446,137.82
4447,152.04
4448,192.76
4449,179.04
4450,351.18
4451,63.14
4452,149.57
4453,151.47
4454,212.39
4455,245.76
4456,111.72
4457,205.32
4458,71.61
4459,118.64
4460,117.38
4461,215.45
4462,295.22
4463,83.26
4464,119.01
4465,87.68
4466,168.68
4467,91.29
4468,88.14
4469,98.15
4470,99.32
4471,199.19
4472,82.27
4473,119.06
4474,85.23
4475,166.04
4476,87.4
4477,86.99
4478,96.01
4479,97.38
4480,198.13
4481,168.66
4482,131.98
4483,152.93
4484,105.7
4485,116.66
4486,150.7
4487,217.57
4488,70.06
4489,215.23
4490,81.1
4491,242.68
4492,356.53
4493,379.4
4494,438.93
4495,150.06
4496,163.71
4497,433.88
4498,355.7
4499,242.4
4500,86.34
4501,104.08
4502,127.76
4503,124.39
4504,160.1
4505,169.71
4506,136.71
4507,246.0
4508,87.79
4509,68.71
4510,157.32
4511,206.6
4512,76.22
4513,161.99
4514,133.74
4515,405.67
4516,140.33
4517,185.75
4518,91.19
4519,295.62
4520,405.67
4521,238.63
4522,209.81
4523,376.36
4524,380.92
4525,219.61
4526,411.89
4527,404.63
4528,93.64
4529,72.18
4530,121.6
4531,46.0
4532,99.96
4533,297.02
4534,108.72
4535,217.37
4536,317.54
4537,83.77
4538,251.38
4539,434.34
4540,415.99
4541,454.06
4542,142.45
4543,149.84
4544,425.73
4545,440.36
4546,251.19
4547,88.68
4548,138.87
4549,74.25
4550,68.0
4551,139.59
4552,75.04
4553,65.25
4554,95.62
4555,67.22
4556,49.27
4557,88.12
4558,102.11
4559,58.63
4560,223.1
4561,119.88
4562,103.02
4563,113.22
4564,54.97
4565,139.31
4566,124.44
4567,55.6
4568,57.27
4569,119.38
4570,118.02
4571,217.01
4572,300.02
4573,281.9
4574,161.88
4575,112.53
4576,148.53
4577,182.19
4578,146.8
4579,116.15
4580,86.94
4581,112.6
4582,85.27
4583,84.51
4584,77.62
4585,114.35
4586,82.46
4587,156.51
4588,84.17
4589,81.08
4590,89.15
4591,84.43
4592,184.5
4593,131.53
4594,156.27
4595,172.77
4596,131.46
4597,153.0
4598,109.89
4599,116.08
4600,150.82
4601,221.94
4602,70.06
4603,121.01
4604,124.86
4605,223.63
4606,310.34
4607,154.92
4608,154.15
4609,200.02
4610,190.55
4611,379.67
4612,68.92
4613,158.74
4614,156.91
4615,215.82
4616,260.95
4617,118.99
4618,218.88
4619,78.3
4620,466.98
4621,416.22
4622,466.87
4623,423.55
4624,416.22
4625,352.86
4626,220.97
4627,350.82
4628,448.95
4629,397.83
4630,101.2
4631,77.2
4632,121.68
4633,49.06
4634,346.92
4635,387.94
4636,270.11
4637,369.79
4638,140.32
4639,301.56
4640,261.93
4641,164.92
4642,75.03
4643,326.51
4644,87.97
4645,261.16
4646,395.61
4647,383.06
4648,428.86
4649,150.49
4650,156.57
4651,440.62
4652,394.51
4653,260.62
4654,93.8
4655,380.75
4656,392.54
4657,278.85
4658,389.72
4659,144.5
4660,276.87
4661,271.78
4662,167.88
4663,78.27
4664,195.12
4665,148.28
4666,180.55
4667,133.01
4668,58.56
4669,223.1
4670,119.88
4671,118.23
4672,119.05
4673,215.6
4674,302.0
4675,133.5
4676,405.11
4677,140.3
4678,186.34
4679,90.24
4680,295.44
4681,405.11
4682,239.2
4683,210.67
4684,412.67
4685,424.29
4686,229.22
4687,425.2
4688,404.29
4689,56.94
4690,212.92
4691,111.0
4692,117.81
4693,122.44
4694,218.23
4695,301.58
4696,94.15
4697,291.81
4698,106.16
4699,210.7
4700,121.44
4701,127.68
4702,221.66
4703,312.14
4704,98.62
4705,77.53
4706,124.16
4707,49.58
4708,194.95
4709,148.2
4710,180.01
4711,132.87
4712,111.18
4713,132.11
4714,212.31
4715,126.66
4716,233.21
4717,163.59
4718,82.6
4719,218.37
4720,104.37
4721,113.79
4722,60.34
4723,55.45
4724,142.36
4725,125.7
4726,185.3
4727,61.54
4728,105.84
4729,64.55
4730,85.74
4731,121.3
4732,89.35
4733,170.29
4734,94.26
4735,88.54
4736,99.44
4737,100.04
4738,202.43
4739,305.57
4740,84.12
4741,245.2
4742,379.28
4743,358.92
4744,405.32
4745,142.76
4746,149.05
4747,426.22
4748,367.87
4749,245.02
4750,85.91
4751,113.59
4752,115.35
4753,59.87
4754,56.94
4755,142.22
4756,124.7
4757,182.11
4758,61.85
4759,105.28
4760,63.15
4761,107.39
4762,109.15
4763,207.23
4764,114.51
4765,194.98
4766,172.29
4767,84.92
4768,186.68
4769,101.52
4770,110.27
4771,52.69
4772,130.67
4773,123.51
4774,54.78
4775,56.72
4776,117.03
4777,146.98
4778,54.31
4779,62.11
4780,187.72
4781,115.14
4782,70.07
4783,124.99
4784,124.12
4785,120.79
4786,146.79
4787,69.74
4788,60.64
4789,191.13
4790,120.02
4791,77.43
4792,140.67
4793,140.67
4794,196.33
4795,180.45
4796,358.87
4797,64.11
4798,148.58
4799,150.84
4800,210.86
4801,249.5
4802,113.42
4803,217.6
4804,74.49
4805,83.8
4806,120.23
4807,88.44
4808,166.96
4809,88.27
4810,87.42
4811,97.35
4812,98.68
4813,199.23
4814,83.84
4815,49.22
4816,49.71
4817,57.03
4818,212.92
4819,111.0
4820,351.98
4821,390.22
4822,276.36
4823,376.27
4824,136.9
4825,304.0
4826,264.51
4827,166.36
4828,77.08
4829,358.82
4830,375.26
4831,197.08
4832,358.05
4833,131.76
4834,291.83
4835,236.26
4836,162.69
4837,73.0
4838,106.41
4839,124.57
4840,208.34
4841,112.46
4842,196.0
4843,171.02
4844,79.75
4845,181.06
4846,121.01
4847,124.86
4848,223.75
4849,310.34
4850,94.1
4851,89.91
4852,128.52
4853,66.44
4854,68.78
4855,90.59
4856,97.47
4857,97.33
4858,69.86
4859,67.19
4860,497.85
4861,422.01
4862,499.81
4863,443.91
4864,422.01
4865,375.32
4866,230.5
4867,365.4
4868,457.14
4869,406.92
4870,161.42
4871,109.9
4872,156.95
4873,191.31
4874,156.24
4875,119.6
4876,86.75
4877,116.37
4878,87.56
4879,139.06
4880,75.65
4881,72.92
4882,119.38
4883,118.02
4884,217.46
4885,300.02
4886,98.07
4887,77.94
4888,123.8
4889,49.08
4890,98.52
4891,77.58
4892,120.16
4893,50.11
4894,270.26
4895,276.47
4896,305.1
4897,139.7
4898,227.2
4899,89.14
4900,198.73
4901,90.76
4902,325.62
4903,195.48
4904,360.97
4905,79.25
4906,46.46
4907,117.65
4908,158.67
4909,68.99
4910,59.37
4911,197.55
4912,117.04
4913,76.24
4914,137.24
4915,137.24
4916,82.22
4917,117.88
4918,82.13
4919,157.43
4920,85.55
4921,82.18
4922,89.47
4923,86.4
4924,187.69
4925,78.18
4926,117.26
4927,82.43
4928,168.62
4929,86.06
4930,82.09
4931,89.03
4932,97.44
4933,194.45
4934,169.15
4935,125.27
4936,117.88
4937,79.91
4938,111.23
4939,201.09
4940,159.21
4941,264.47
4942,267.16
4943,173.0
4944,160.19
4945,169.94
4946,128.61
4947,119.41
4948,79.91
4949,117.31
4950,195.86
4951,160.01
4952,283.4
4953,260.93
4954,173.0
4955,162.0
4956,220.06
4957,82.7
4958,250.92
4959,359.49
4960,383.26
4961,443.92
4962,149.01
4963,162.44
4964,424.85
4965,352.95
4966,250.72
4967,88.14
4968,145.63
4969,143.92
4970,115.88
4971,180.25
4972,111.08
4973,178.09
4974,148.38
4975,141.8
4976,137.3
4977,143.79
4978,109.94
4979,175.79
4980,106.09
4981,176.27
4982,147.31
4983,138.04
4984,138.89
4985,143.62
4986,112.04
4987,178.16
4988,107.36
4989,173.53
4990,145.36
4991,140.62
4992,118.5
4993,119.37
4994,217.71
4995,301.4
4996,320.57
4997,87.58
4998,258.32
4999,451.89
5000,375.82
5001,425.34
5002,147.42
5003,153.87
5004,439.56
5005,395.1
5006,258.1
5007,92.46
5008,128.0
5009,396.48
5010,140.52
5011,180.04
5012,86.01
5013,289.44
5014,396.48
5015,230.58
5016,205.95
5017,402.18
5018,416.34
5019,226.75
5020,417.45
5021,394.0
5022,137.31
5023,415.44
5024,141.27
5025,187.8
5026,88.93
5027,299.88
5028,415.44
5029,242.41
5030,207.28
5031,382.24
5032,411.29
5033,222.43
5034,426.6
5035,414.85
5036,60.69
5037,225.93
5038,121.08
5039,110.98
5040,129.5
5041,214.34
5042,116.2
5043,197.28
5044,163.55
5045,80.41
5046,193.46
5047,71.85
5048,127.92
5049,93.06
5050,126.57
5051,70.26
5052,70.08
5053,69.33
5054,188.0
5055,145.19
5056,176.43
5057,131.19
5058,104.43
5059,143.86
5060,129.53
5061,159.01
5062,185.35
5063,137.88
5064,249.47
5065,96.06
5066,68.88
5067,161.12
5068,260.46
5069,78.3
5070,169.61
5071,71.76
5072,129.93
5073,91.34
5074,129.63
5075,70.27
5076,70.44
5077,70.37
5078,196.25
5079,181.19
5080,370.11
5081,66.62
5082,153.99
5083,151.01
5084,210.27
5085,251.45
5086,114.37
5087,216.58
5088,75.75
5089,296.75
5090,273.8
5091,333.19
5092,141.98
5093,220.75
5094,88.85
5095,196.13
5096,91.03
5097,366.22
5098,196.39
5099,377.28
5100,200.02
5101,190.55
5102,310.11
5103,68.91
5104,158.75
5105,156.91
5106,215.82
5107,248.93
5108,118.99
5109,203.34
5110,78.3
5111,72.5
5112,129.93
5113,95.22
5114,129.7
5115,71.32
5116,72.13
5117,70.7
5118,137.13
5119,166.16
5120,93.64
5121,72.18
5122,126.9
5123,46.0
5124,93.64
5125,72.6
5126,119.52
5127,46.0
5128,175.81
5129,128.99
5130,125.88
5131,83.68
5132,114.15
5133,183.31
5134,156.14
5135,268.54
5136,261.83
5137,170.24
5138,166.14
5139,59.23
5140,217.56
5141,118.01
5142,93.64
5143,72.18
5144,123.59
5145,46.0
5146,89.57
5147,88.05
5148,122.22
5149,63.28
5150,63.66
5151,84.47
5152,91.13
5153,92.2
5154,65.86
5155,65.88
5156,169.94
5157,128.56
5158,119.41
5159,79.91
5160,117.29
5161,196.03
5162,160.01
5163,283.4
5164,260.55
5165,173.0
5166,162.0
5167,104.46
5168,104.94
5169,203.45
5170,106.41
5171,190.14
5172,164.5
5173,76.88
5174,175.7
5175,75.27
5176,141.88
5177,101.68
5178,139.54
5179,75.87
5180,74.9
5181,74.2
5182,71.48
5183,121.57
5184,89.5
5185,132.4
5186,71.35
5187,71.0
5188,128.0
5189,396.48
5190,140.49
5191,173.8
5192,87.07
5193,303.12
5194,396.47
5195,230.49
5196,207.39
5197,366.75
5198,376.93
5199,219.26
5200,406.43
5201,394.0
5202,489.4
5203,426.82
5204,507.29
5205,438.14
5206,426.82
5207,361.66
5208,225.0
5209,364.03
5210,456.65
5211,406.08
5212,91.34
5213,90.56
5214,123.74
5215,63.13
5216,89.2
5217,89.04
5218,88.31
5219,64.92
5220,182.07
5221,140.86
5222,172.45
5223,131.08
5224,494.1
5225,416.44
5226,505.91
5227,463.63
5228,416.44
5229,405.68
5230,229.93
5231,363.18
5232,454.74
5233,392.01
5234,499.99
5235,418.33
5236,506.88
5237,464.7
5238,418.33
5239,404.49
5240,228.33
5241,365.47
5242,457.01
5243,407.6
5244,102.09
5245,110.98
5246,57.68
5247,56.53
5248,137.06
5249,123.99
5250,176.54
5251,59.59
5252,102.74
5253,61.2
5254,187.67
5255,140.3
5256,160.78
5257,131.38
5258,121.71
5259,192.32
5260,298.21
5261,74.59
5262,108.0
5263,127.24
5264,208.03
5265,103.24
5266,192.98
5267,160.16
5268,77.0
5269,179.61
5270,104.4
5271,114.83
5272,60.9
5273,57.57
5274,143.24
5275,127.3
5276,187.18
5277,62.43
5278,105.63
5279,65.15
5280,118.02
5281,122.92
5282,218.51
5283,302.18
5284,215.19
5285,80.96
5286,242.64
5287,356.43
5288,379.21
5289,438.93
5290,150.04
5291,163.71
5292,433.88
5293,355.82
5294,242.36
5295,86.32
5296,56.74
5297,213.41
5298,109.22
5299,169.57
5300,125.27
5301,123.66
5302,80.02
5303,110.21
5304,176.88
5305,153.12
5306,265.82
5307,260.11
5308,167.35
5309,163.07
5310,155.53
5311,155.19
5312,88.99
5313,49.48
5314,50.27
5315,95.61
5316,75.46
5317,124.56
5318,46.87
5319,194.65
5320,180.08
5321,357.88
5322,63.56
5323,148.61
5324,151.07
5325,211.27
5326,248.57
5327,112.37
5328,212.0
5329,74.38
5330,84.12
5331,120.85
5332,88.61
5333,171.38
5334,93.44
5335,88.45
5336,98.36
5337,99.46
5338,200.73
5339,111.5
5340,137.98
5341,52.12
5342,57.71
5343,174.2
5344,110.79
5345,67.37
5346,120.23
5347,120.55
5348,182.07
5349,140.86
5350,172.45
5351,131.08
5352,192.7
5353,146.4
5354,176.36
5355,132.85
5356,103.68
5357,79.33
5358,128.19
5359,49.0
5360,83.91
5361,120.44
5362,88.3
5363,170.05
5364,87.35
5365,84.31
5366,97.29
5367,98.68
5368,199.19
5369,271.79
5370,162.42
5371,112.33
5372,152.01
5373,184.2
5374,151.3
5375,120.05
5376,90.74
5377,115.44
5378,86.48
5379,85.93
5380,85.86
5381,45.8
5382,317.08
5383,83.42
5384,251.1
5385,383.11
5386,370.19
5387,418.21
5388,144.73
5389,150.13
5390,427.62
5391,377.4
5392,250.78
5393,88.96
5394,115.6
5395,116.64
5396,62.1
5397,57.32
5398,143.24
5399,125.52
5400,185.86
5401,61.53
5402,106.79
5403,64.3
5404,182.07
5405,141.34
5406,171.65
5407,130.11
5408,122.84
5409,179.87
5410,264.15
5411,78.81
5412,83.99
5413,120.33
5414,86.53
5415,170.04
5416,87.0
5417,84.08
5418,96.89
5419,98.8
5420,198.05
5421,76.42
5422,127.84
5423,94.99
5424,128.99
5425,76.09
5426,70.2
5427,70.19
5428,469.64
5429,406.14
5430,458.95
5431,419.39
5432,406.14
5433,347.41
5434,220.65
5435,348.33
5436,448.28
5437,397.94
5438,100.21
5439,137.75
5440,126.39
5441,152.43
5442,180.5
5443,134.01
5444,244.53
5445,91.57
5446,64.14
5447,156.19
5448,253.98
5449,74.56
5450,163.71
5451,355.54
5452,398.07
5453,283.12
5454,383.38
5455,148.06
5456,307.1
5457,277.07
5458,165.32
5459,80.93
5460,86.2
5461,48.2
5462,48.94
5463,103.03
5464,106.92
5465,192.72
5466,110.33
5467,190.04
5468,169.84
5469,80.33
5470,181.59
5471,192.76
5472,179.04
5473,351.18
5474,63.13
5475,149.57
5476,151.47
5477,212.39
5478,245.71
5479,111.69
5480,205.1
5481,71.59
5482,95.83
5483,74.11
5484,122.34
5485,46.15
5486,87.85
5487,87.71
5488,117.09
5489,62.79
5490,63.85
5491,84.25
5492,87.34
5493,91.92
5494,66.87
5495,63.99
5496,287.44
5497,155.77
5498,111.21
5499,148.65
5500,182.02
5501,147.13
5502,114.95
5503,84.17
5504,111.86
5505,85.19
5506,84.45
5507,136.62
5508,418.28
5509,140.91
5510,188.38
5511,92.74
5512,298.5
5513,418.28
5514,243.56
5515,210.07
5516,378.43
5517,380.8
5518,222.46
5519,413.78
5520,412.41
5521,128.0
5522,396.48
5523,140.52
5524,179.59
5525,84.41
5526,289.44
5527,396.48
5528,228.98
5529,203.14
5530,367.04
5531,396.65
5532,218.21
5533,412.36
5534,394.0
5535,135.85
5536,96.92
5537,76.65
5538,101.08
5539,106.45
5540,139.87
5541,100.64
5542,133.23
5543,92.69
5544,89.49
5545,125.38
5546,66.25
5547,68.78
5548,90.42
5549,92.39
5550,97.33
5551,70.06
5552,67.19
5553,136.96
5554,143.38
5555,109.86
5556,175.46
5557,106.29
5558,173.97
5559,144.7
5560,137.65
5561,144.03
5562,143.76
5563,112.26
5564,178.27
5565,108.09
5566,173.32
5567,145.99
5568,140.8
5569,85.11
5570,49.64
5571,50.03
5572,133.07
5573,407.24
5574,140.44
5575,185.71
5576,91.06
5577,295.14
5578,407.24
5579,240.66
5580,210.3
5581,374.4
5582,379.15
5583,223.91
5584,412.77
5585,404.51
5586,114.98
5587,148.02
5588,82.28
5589,97.5
5590,79.49
5591,106.26
5592,118.98
5593,152.49
5594,106.64
5595,139.81
5596,99.97
5597,128.53
5598,126.3
5599,152.11
5600,177.81
5601,134.01
5602,244.53
5603,91.57
5604,64.18
5605,168.26
5606,226.28
5607,74.53
5608,159.48
5609,166.28
5610,164.26
5611,135.29
5612,418.6
5613,140.68
5614,179.14
5615,92.88
5616,304.8
5617,418.67
5618,242.96
5619,211.88
5620,378.18
5621,380.9
5622,223.43
5623,413.69
5624,411.49
5625,140.66
5626,143.22
5627,110.89
5628,176.38
5629,102.95
5630,170.0
5631,140.01
5632,139.23
5633,111.93
5634,137.94
5635,58.0
5636,57.67
5637,174.2
5638,111.0
5639,72.03
5640,130.63
5641,130.52
5642,78.84
5643,44.82
5644,95.39
5645,67.7
5646,49.05
5647,87.68
5648,95.47
5649,282.01
5650,163.03
5651,112.34
5652,151.72
5653,188.92
5654,150.36
5655,117.98
5656,90.64
5657,114.01
5658,86.7
5659,85.58
5660,56.46
5661,217.11
5662,116.26
5663,197.25
5664,150.45
5665,183.51
5666,134.39
5667,132.46
5668,404.48
5669,141.36
5670,177.14
5671,90.76
5672,307.68
5673,404.45
5674,238.27
5675,209.8
5676,376.75
5677,386.54
5678,221.05
5679,414.53
5680,403.44
5681,192.76
5682,179.69
5683,351.34
5684,63.04
5685,147.16
5686,151.47
5687,212.39
5688,245.4
5689,111.86
5690,205.27
5691,71.65
5692,141.83
5693,96.9
5694,78.75
5695,106.8
5696,111.98
5697,146.68
5698,105.97
5699,131.85
5700,182.07
5701,140.86
5702,172.2
5703,131.08
5704,479.63
5705,428.51
5706,492.01
5707,440.29
5708,428.51
5709,371.06
5710,229.34
5711,361.23
5712,455.25
5713,405.0
5714,119.36
5715,145.72
5716,60.06
5717,61.73
5718,187.65
5719,118.69
5720,76.15
5721,133.55
5722,136.55
5723,348.66
5724,388.19
5725,274.43
5726,371.75
5727,136.19
5728,302.08
5729,261.43
5730,165.95
5731,76.01
5732,116.37
5733,144.04
5734,60.29
5735,60.51
5736,184.27
5737,116.32
5738,74.84
5739,130.2
5740,133.17
5741,317.47
5742,84.85
5743,254.91
5744,406.75
5745,379.27
5746,421.93
5747,144.03
5748,150.86
5749,430.4
5750,383.55
5751,254.43
5752,89.64
5753,99.39
5754,78.37
5755,128.1
5756,49.05
5757,106.17
5758,126.38
5759,122.34
5760,147.88
5761,163.61
5762,135.66
5763,243.78
5764,81.46
5765,65.3
5766,160.14
5767,200.81
5768,71.4
5769,155.39
5770,57.71
5771,214.36
5772,112.93
5773,195.83
5774,180.03
5775,358.59
5776,63.89
5777,148.85
5778,150.84
5779,210.86
5780,251.67
5781,112.99
5782,217.19
5783,74.33
5784,140.01
5785,75.13
5786,65.92
5787,343.76
5788,385.97
5789,268.26
5790,365.2
5791,140.17
5792,300.42
5793,258.85
5794,163.66
5795,74.18
5796,138.02
5797,421.11
5798,141.25
5799,190.18
5800,92.85
5801,307.56
5802,421.11
5803,245.58
5804,215.52
5805,383.46
5806,385.4
5807,225.89
5808,413.91
5809,415.45
5810,56.91
5811,217.5
5812,116.66
5813,87.78
5814,49.54
5815,50.01
5816,86.69
5817,49.92
5818,118.11
5819,123.06
5820,218.51
5821,302.78
5822,104.08
5823,113.37
5824,60.33
5825,55.32
5826,144.22
5827,124.02
5828,185.54
5829,55.68
5830,105.17
5831,57.51
5832,353.16
5833,392.47
5834,278.25
5835,376.43
5836,144.38
5837,305.44
5838,269.95
5839,167.88
5840,78.26
5841,87.56
5842,49.0
5843,49.53
5844,134.45
5845,413.75
5846,141.23
5847,187.69
5848,92.09
5849,305.22
5850,413.75
5851,243.16
5852,213.83
5853,377.93
5854,381.54
5855,224.88
5856,413.21
5857,410.86
5858,476.25
5859,405.92
5860,466.78
5861,448.37
5862,405.92
5863,401.1
5864,222.68
5865,348.57
5866,452.26
5867,395.96
5868,135.74
5869,97.0
5870,77.81
5871,100.85
5872,106.28
5873,138.08
5874,101.13
5875,132.3
5876,139.13
5877,75.42
5878,68.05
5879,194.38
5880,184.18
5881,285.37
5882,66.71
5883,152.95
5884,151.67
5885,210.73
5886,239.68
5887,116.62
5888,195.72
5889,76.12
5890,142.98
5891,144.28
5892,109.68
5893,176.66
5894,107.02
5895,174.33
5896,142.64
5897,139.42
5898,174.41
5899,137.59
5900,155.56
5901,107.34
5902,120.81
5903,157.87
5904,230.07
5905,73.4
5906,83.45
5907,117.9
5908,86.87
5909,171.21
5910,91.33
5911,86.89
5912,96.88
5913,98.74
5914,197.83
5915,73.5
5916,133.33
5917,96.3
5918,132.11
5919,72.93
5920,72.24
5921,72.02
5922,431.33
5923,414.6
5924,404.34
5925,436.9
5926,425.99
5927,361.09
5928,226.55
5929,362.96
5930,456.02
5931,406.16
5932,317.59
5933,83.42
5934,310.05
5935,435.21
5936,421.94
5937,454.02
5938,143.08
5939,150.04
5940,427.62
5941,454.19
5942,307.51
5943,89.01
5944,118.23
5945,118.91
5946,215.15
5947,302.0
5948,114.07
5949,146.9
5950,82.53
5951,97.6
5952,79.79
5953,106.58
5954,113.51
5955,151.14
5956,107.44
5957,140.75
5958,306.59
5959,83.82
5960,248.25
5961,429.13
5962,362.33
5963,409.39
5964,141.9
5965,149.1
5966,428.47
5967,379.71
5968,248.1
5969,87.51
5970,131.86
5971,154.82
5972,275.65
5973,170.37
5974,113.79
5975,161.13
5976,188.63
5977,160.67
5978,123.75
5979,95.97
5980,119.51
5981,89.51
5982,88.94
5983,121.01
5984,125.1
5985,223.18
5986,310.34
5987,83.23
5988,49.48
5989,87.71
5990,49.29
5991,49.81
5992,267.6
5993,169.7
5994,113.77
5995,159.18
5996,191.93
5997,158.64
5998,124.32
5999,95.5
6000,122.5
6001,88.26
6002,87.66
6003,128.0
6004,396.48
6005,140.52
6006,180.04
6007,85.8
6008,289.44
6009,396.48
6010,230.58
6011,204.82
6012,402.18
6013,415.89
6014,225.2
6015,417.0
6016,394.0
6017,103.89
6018,79.63
6019,125.14
6020,49.42
6021,92.62
6022,67.92
6023,49.92
6024,89.77
6025,94.45
6026,117.81
6027,122.48
6028,218.68
6029,301.58
6030,56.7
6031,205.79
6032,109.22
6033,174.66
6034,127.26
6035,126.83
6036,83.12
6037,112.95
6038,191.81
6039,151.62
6040,267.37
6041,256.16
6042,164.64
6043,164.08
6044,121.05
6045,126.62
6046,220.93
6047,310.58
6048,332.29
6049,300.18
6050,350.21
6051,142.35
6052,223.79
6053,89.17
6054,196.37
6055,92.53
6056,380.61
6057,197.96
6058,381.32
6059,133.64
6060,404.37
6061,140.15
6062,184.75
6063,89.46
6064,295.02
6065,404.37
6066,236.97
6067,206.05
6068,409.07
6069,423.8
6070,224.34
6071,424.62
6072,403.4
6073,316.04
6074,83.42
6075,251.07
6076,386.17
6077,368.72
6078,417.43
6079,144.86
6080,150.27
6081,426.95
6082,377.41
6083,250.73
6084,88.91
6085,114.43
6086,130.05
6087,125.06
6088,161.08
6089,177.32
6090,138.46
6091,249.14
6092,89.22
6093,69.2
6094,167.59
6095,210.74
6096,76.33
6097,169.02
6098,306.65
6099,83.82
6100,306.43
6101,429.66
6102,416.49
6103,443.76
6104,142.13
6105,150.2
6106,428.47
6107,447.99
6108,304.36
6109,87.52
6110,186.26
6111,139.28
6112,157.96
6113,128.72
6114,120.34
6115,191.18
6116,295.07
6117,72.06
6118,78.07
6119,117.66
6120,83.57
6121,168.38
6122,86.42
6123,82.81
6124,93.01
6125,97.44
6126,193.92
6127,101.93
6128,299.11
6129,111.91
6130,222.2
6131,491.54
6132,410.12
6133,492.3
6134,464.43
6135,410.12
6136,411.38
6137,229.16
6138,358.83
6139,452.48
6140,398.29
6141,112.94
6142,137.48
6143,58.21
6144,57.7
6145,174.28
6146,113.57
6147,72.91
6148,127.22
6149,128.56
6150,119.64
6151,118.38
6152,217.26
6153,299.96
6154,187.5
6155,144.64
6156,172.7
6157,131.15
6158,202.89
6159,142.62
6160,157.52
6161,129.07
6162,120.55
6163,194.7
6164,299.89
6165,71.23
6166,136.16
6167,76.41
6168,63.86
6169,163.35
6170,162.59
6171,111.52
6172,111.67
6173,57.7
6174,55.84
6175,136.86
6176,123.51
6177,175.71
6178,59.0
6179,103.99
6180,60.24
6181,118.23
6182,118.91
6183,215.15
6184,302.0
6185,192.7
6186,146.5
6187,176.36
6188,132.96
6189,169.94
6190,128.0
6191,143.43
6192,79.91
6193,123.63
6194,216.34
6195,160.92
6196,298.49
6197,326.16
6198,173.0
6199,168.76
6200,93.64
6201,72.18
6202,123.8
6203,46.0
6204,79.0
6205,114.85
6206,83.18
6207,163.91
6208,88.21
6209,83.91
6210,93.5
6211,95.78
6212,195.0
6213,395.18
6214,401.87
6215,286.78
6216,404.33
6217,149.37
6218,382.2
6219,283.74
6220,168.56
6221,81.73
6222,282.27
6223,161.88
6224,112.53
6225,148.53
6226,182.19
6227,146.8
6228,116.2
6229,86.94
6230,112.49
6231,85.29
6232,84.53
6233,174.87
6234,132.51
6235,144.1
6236,81.7
6237,127.08
6238,212.93
6239,162.73
6240,294.36
6241,325.9
6242,176.05
6243,171.76
6244,474.69
6245,406.07
6246,466.84
6247,423.81
6248,406.07
6249,398.62
6250,222.51
6251,350.85
6252,448.95
6253,397.83
6254,192.06
6255,146.4
6256,176.3
6257,132.96
6258,99.05
6259,78.36
6260,131.44
6261,49.38
6262,112.97
6263,130.38
6264,216.87
6265,118.01
6266,197.98
6267,167.89
6268,83.0
6269,195.4
6270,88.56
6271,49.3
6272,49.95
6273,343.63
6274,387.89
6275,269.46
6276,366.02
6277,135.42
6278,297.75
6279,259.84
6280,163.91
6281,74.16
6282,135.97
6283,143.49
6284,111.28
6285,176.08
6286,104.21
6287,173.77
6288,145.43
6289,139.14
6290,118.98
6291,123.23
6292,219.38
6293,305.0
6294,136.01
6295,419.12
6296,139.52
6297,142.59
6298,85.16
6299,305.16
6300,419.12
6301,244.03
6302,213.75
6303,337.67
6304,380.87
6305,219.22
6306,413.23
6307,339.52
6308,118.23
6309,119.05
6310,215.15
6311,302.0
6312,198.71
6313,187.32
6314,304.63
6315,69.01
6316,157.59
6317,154.06
6318,212.75
6319,246.44
6320,118.35
6321,204.0
6322,78.32
6323,306.59
6324,84.14
6325,248.79
6326,378.47
6327,364.16
6328,409.33
6329,144.15
6330,150.63
6331,428.47
6332,372.56
6333,248.29
6334,87.54
6335,96.0
6336,296.34
6337,107.44
6338,211.86
6339,58.0
6340,217.12
6341,115.96
6342,79.13
6343,48.18
6344,48.56
6345,76.79
6346,133.08
6347,95.14
6348,133.34
6349,79.2
6350,73.37
6351,72.31
6352,59.52
6353,223.64
6354,117.09
6355,127.73
6356,73.74
6357,63.13
6358,319.67
6359,288.56
6360,343.4
6361,135.44
6362,218.51
6363,83.0
6364,187.69
6365,86.03
6366,368.75
6367,184.31
6368,367.66
6369,134.76
6370,414.7
6371,140.45
6372,188.35
6373,90.69
6374,297.54
6375,414.7
6376,241.79
6377,209.6
6378,414.92
6379,429.61
6380,229.88
6381,430.51
6382,408.96
6383,103.68
6384,79.33
6385,124.79
6386,49.03
6387,88.1
6388,87.51
6389,119.59
6390,63.26
6391,64.5
6392,84.57
6393,88.84
6394,92.72
6395,64.5
6396,65.66
6397,272.44
6398,277.86
6399,295.0
6400,133.68
6401,201.33
6402,82.55
6403,195.77
6404,86.12
6405,276.19
6406,184.17
6407,291.93
6408,128.46
6409,75.37
6410,63.41
6411,182.07
6412,140.86
6413,172.39
6414,131.33
6415,96.8
6416,74.22
6417,129.57
6418,46.1
6419,320.63
6420,87.59
6421,318.5
6422,452.07
6423,435.28
6424,465.94
6425,147.34
6426,155.15
6427,439.56
6428,463.71
6429,316.4
6430,92.5
6431,78.69
6432,141.36
6433,101.57
6434,139.51
6435,84.7
6436,77.91
6437,75.09
6438,141.28
6439,135.94
6440,104.94
6441,162.93
6442,106.66
6443,168.12
6444,140.21
6445,128.85
6446,143.0
6447,144.28
6448,109.68
6449,176.63
6450,107.46
6451,175.56
6452,144.06
6453,139.42
6454,109.49
6455,130.66
6456,221.88
6457,107.53
6458,198.24
6459,163.76
6460,80.37
6461,185.52
6462,110.2
6463,129.89
6464,214.27
6465,117.01
6466,198.24
6467,163.76
6468,80.3
6469,192.93
6470,104.58
6471,113.39
6472,60.77
6473,55.1
6474,140.04
6475,124.58
6476,182.19
6477,55.67
6478,104.81
6479,57.37
6480,104.6
6481,113.52
6482,60.79
6483,55.1
6484,140.04
6485,124.58
6486,182.33
6487,61.27
6488,105.92
6489,63.42
6490,115.32
6491,144.56
6492,59.78
6493,60.8
6494,184.84
6495,114.65
6496,73.88
6497,132.02
6498,132.05
6499,115.71
6500,144.55
6501,59.9
6502,60.76
6503,184.84
6504,114.65
6505,73.88
6506,132.06
6507,131.29
6508,309.86
6509,82.66
6510,252.84
6511,435.59
6512,361.23
6513,415.69
6514,141.98
6515,148.39
6516,424.85
6517,381.38
6518,252.77
6519,88.8
6520,309.98
6521,82.66
6522,253.72
6523,433.72
6524,414.55
6525,449.44
6526,141.88
6527,149.35
6528,424.85
6529,435.32
6530,253.59
6531,88.78
6532,312.55
6533,84.99
6534,315.22
6535,441.18
6536,429.52
6537,458.68
6538,144.55
6539,152.2
6540,435.82
6541,459.01
6542,312.95
6543,90.01
6544,176.78
6545,132.84
6546,145.79
6547,82.51
6548,131.11
6549,215.26
6550,168.08
6551,295.65
6552,326.66
6553,181.38
6554,180.51
6555,132.88
6556,415.57
6557,139.95
6558,188.4
6559,92.13
6560,304.98
6561,415.53
6562,242.44
6563,212.85
6564,377.86
6565,381.18
6566,220.75
6567,413.22
6568,410.87
6569,313.77
6570,83.78
6571,251.06
6572,398.95
6573,371.68
6574,414.98
6575,141.6
6576,149.84
6577,425.94
6578,375.51
6579,250.9
6580,88.67
6581,101.11
6582,124.15
6583,118.97
6584,154.03
6585,171.26
6586,132.49
6587,243.58
6588,88.72
6589,66.82
6590,169.16
6591,216.61
6592,74.11
6593,162.38
6594,177.36
6595,134.55
6596,142.59
6597,83.2
6598,129.67
6599,213.71
6600,168.87
6601,295.85
6602,271.08
6603,180.9
6604,168.46
6605,134.62
6606,414.45
6607,140.83
6608,188.73
6609,87.48
6610,300.42
6611,414.45
6612,239.24
6613,204.16
6614,379.17
6615,408.04
6616,220.85
6617,424.24
6618,414.15
6619,138.86
6620,143.44
6621,111.92
6622,178.41
6623,108.7
6624,173.61
6625,145.19
6626,140.53
6627,193.45
6628,148.88
6629,176.52
6630,133.26
6631,352.82
6632,392.69
6633,281.21
6634,380.05
6635,136.55
6636,305.19
6637,272.0
6638,167.05
6639,78.85
6640,193.45
6641,148.88
6642,176.7
6643,133.6
